"","date","observed_incidence","CI_down_observed_incidence","CI_up_observed_incidence","smoothed_incidence","CI_down_smoothed_incidence","CI_up_smoothed_incidence","deconvolved_incidence","CI_down_deconvolved_incidence","CI_up_deconvolved_incidence","Re_estimate","CI_down_Re_estimate","CI_up_Re_estimate","Re_highHPD","Re_lowHPD","bootstrapped_CI_down_Re_estimate","bootstrapped_CI_up_Re_estimate","observation_type","influenza_type","measuring_period"
"1",2022-11-07,0,NA,NA,NA,NA,NA,NA,NA,NA,NA,NA,NA,NA,NA,NA,NA,"ARA Chur","IAV","2022/23"
"2",2022-11-08,0,NA,NA,NA,NA,NA,NA,NA,NA,NA,NA,NA,NA,NA,NA,NA,"ARA Chur","IAV","2022/23"
"3",2022-11-10,0,NA,NA,NA,NA,NA,NA,NA,NA,NA,NA,NA,NA,NA,NA,NA,"ARA Chur","IAV","2022/23"
"4",2022-11-12,1,NA,NA,NA,NA,NA,NA,NA,NA,NA,NA,NA,NA,NA,NA,NA,"ARA Chur","IAV","2022/23"
"5",2022-11-13,0,NA,NA,NA,NA,NA,NA,NA,NA,NA,NA,NA,NA,NA,NA,NA,"ARA Chur","IAV","2022/23"
"6",2022-11-07,0,NA,NA,NA,NA,NA,NA,NA,NA,NA,NA,NA,NA,NA,NA,NA,"ARA Chur","IBV","2022/23"
"7",2022-11-08,0,NA,NA,NA,NA,NA,NA,NA,NA,NA,NA,NA,NA,NA,NA,NA,"ARA Chur","IBV","2022/23"
"8",2022-11-10,0,NA,NA,NA,NA,NA,NA,NA,NA,NA,NA,NA,NA,NA,NA,NA,"ARA Chur","IBV","2022/23"
"9",2022-11-12,0,NA,NA,NA,NA,NA,NA,NA,NA,NA,NA,NA,NA,NA,NA,NA,"ARA Chur","IBV","2022/23"
"10",2022-11-13,0,NA,NA,NA,NA,NA,NA,NA,NA,NA,NA,NA,NA,NA,NA,NA,"ARA Chur","IBV","2022/23"
"11",2022-11-07,4.41941839093022,NA,NA,NA,NA,NA,NA,NA,NA,NA,NA,NA,NA,NA,NA,NA,"ARA Altenrhein","IAV","2022/23"
"12",2022-11-08,5.69274081451733,NA,NA,NA,NA,NA,NA,NA,NA,NA,NA,NA,NA,NA,NA,NA,"ARA Altenrhein","IAV","2022/23"
"13",2022-11-10,2.61470719986316,NA,NA,NA,NA,NA,NA,NA,NA,NA,NA,NA,NA,NA,NA,NA,"ARA Altenrhein","IAV","2022/23"
"14",2022-11-12,1,NA,NA,NA,NA,NA,NA,NA,NA,NA,NA,NA,NA,NA,NA,NA,"ARA Altenrhein","IAV","2022/23"
"15",2022-11-13,3.2221628847941,NA,NA,NA,NA,NA,NA,NA,NA,NA,NA,NA,NA,NA,NA,NA,"ARA Altenrhein","IAV","2022/23"
"16",2022-11-07,0,NA,NA,NA,NA,NA,NA,NA,NA,NA,NA,NA,NA,NA,NA,NA,"ARA Altenrhein","IBV","2022/23"
"17",2022-11-08,0,NA,NA,NA,NA,NA,NA,NA,NA,NA,NA,NA,NA,NA,NA,NA,"ARA Altenrhein","IBV","2022/23"
"18",2022-11-10,0,NA,NA,NA,NA,NA,NA,NA,NA,NA,NA,NA,NA,NA,NA,NA,"ARA Altenrhein","IBV","2022/23"
"19",2022-11-12,0,NA,NA,NA,NA,NA,NA,NA,NA,NA,NA,NA,NA,NA,NA,NA,"ARA Altenrhein","IBV","2022/23"
"20",2022-11-13,0,NA,NA,NA,NA,NA,NA,NA,NA,NA,NA,NA,NA,NA,NA,NA,"ARA Altenrhein","IBV","2022/23"
"21",2022-11-07,0,NA,NA,NA,NA,NA,NA,NA,NA,NA,NA,NA,NA,NA,NA,NA,"ARA Sensetal","IAV","2022/23"
"22",2022-11-08,1,NA,NA,NA,NA,NA,NA,NA,NA,NA,NA,NA,NA,NA,NA,NA,"ARA Sensetal","IAV","2022/23"
"23",2022-11-10,0,NA,NA,NA,NA,NA,NA,NA,NA,NA,NA,NA,NA,NA,NA,NA,"ARA Sensetal","IAV","2022/23"
"24",2022-11-12,0,NA,NA,NA,NA,NA,NA,NA,NA,NA,NA,NA,NA,NA,NA,NA,"ARA Sensetal","IAV","2022/23"
"25",2022-11-13,0,NA,NA,NA,NA,NA,NA,NA,NA,NA,NA,NA,NA,NA,NA,NA,"ARA Sensetal","IAV","2022/23"
"26",2022-11-07,1.0087809335099,NA,NA,NA,NA,NA,NA,NA,NA,NA,NA,NA,NA,NA,NA,NA,"ARA Sensetal","IBV","2022/23"
"27",2022-11-08,1,NA,NA,NA,NA,NA,NA,NA,NA,NA,NA,NA,NA,NA,NA,NA,"ARA Sensetal","IBV","2022/23"
"28",2022-11-10,0,NA,NA,NA,NA,NA,NA,NA,NA,NA,NA,NA,NA,NA,NA,NA,"ARA Sensetal","IBV","2022/23"
"29",2022-11-12,0,NA,NA,NA,NA,NA,NA,NA,NA,NA,NA,NA,NA,NA,NA,NA,"ARA Sensetal","IBV","2022/23"
"30",2022-11-13,0,NA,NA,NA,NA,NA,NA,NA,NA,NA,NA,NA,NA,NA,NA,NA,"ARA Sensetal","IBV","2022/23"
"31",2022-11-07,0,NA,NA,NA,NA,NA,NA,NA,NA,NA,NA,NA,NA,NA,NA,NA,"CDA Lugano","IAV","2022/23"
"32",2022-11-08,1,NA,NA,NA,NA,NA,NA,NA,NA,NA,NA,NA,NA,NA,NA,NA,"CDA Lugano","IAV","2022/23"
"33",2022-11-10,0,NA,NA,NA,NA,NA,NA,NA,NA,NA,NA,NA,NA,NA,NA,NA,"CDA Lugano","IAV","2022/23"
"34",2022-11-12,21.2525778768582,NA,NA,NA,NA,NA,NA,NA,NA,NA,NA,NA,NA,NA,NA,NA,"CDA Lugano","IAV","2022/23"
"35",2022-11-13,2.53144291866837,NA,NA,NA,NA,NA,NA,NA,NA,NA,NA,NA,NA,NA,NA,NA,"CDA Lugano","IAV","2022/23"
"36",2022-11-07,0,NA,NA,NA,NA,NA,NA,NA,NA,NA,NA,NA,NA,NA,NA,NA,"CDA Lugano","IBV","2022/23"
"37",2022-11-08,0,NA,NA,NA,NA,NA,NA,NA,NA,NA,NA,NA,NA,NA,NA,NA,"CDA Lugano","IBV","2022/23"
"38",2022-11-10,0,NA,NA,NA,NA,NA,NA,NA,NA,NA,NA,NA,NA,NA,NA,NA,"CDA Lugano","IBV","2022/23"
"39",2022-11-12,0,NA,NA,NA,NA,NA,NA,NA,NA,NA,NA,NA,NA,NA,NA,NA,"CDA Lugano","IBV","2022/23"
"40",2022-11-13,2.51728574154656,NA,NA,NA,NA,NA,NA,NA,NA,NA,NA,NA,NA,NA,NA,NA,"CDA Lugano","IBV","2022/23"
"41",2022-09-14,NA,NA,NA,NA,NA,NA,2.00067734550325,0,5.5954456195954,NA,NA,NA,NA,NA,NA,NA,"STEP Aire","IAV","2022/23"
"42",2022-09-15,NA,NA,NA,NA,NA,NA,1.95556551450734,0,4.08733223752774,NA,NA,NA,NA,NA,NA,NA,"STEP Aire","IAV","2022/23"
"43",2022-09-16,2.10271340293701,0.245015588672929,3.96041121720109,1.9948852603265,0,5.80079986967657,1.86069114059837,0.442452079935939,3.2789302012608,NA,NA,NA,NA,NA,NA,NA,"STEP Aire","IAV","2022/23"
"44",2022-09-17,2.41415022097982,0.643307271538211,4.18499317042142,1.96534601960491,0,4.44124118927843,1.74196721610834,0.728028990114247,2.75590544210243,NA,NA,NA,NA,NA,NA,NA,"STEP Aire","IAV","2022/23"
"45",2022-09-18,2.72558703902262,0.954744089581018,4.49642998846423,1.88995185407605,0.145652470240794,3.6342512379113,1.64468361595691,0.847741781556431,2.44162545035739,NA,NA,NA,NA,NA,NA,NA,"STEP Aire","IAV","2022/23"
"46",2022-09-19,3.03702385706543,0.802671932115699,5.27137578201516,1.78375871430503,0.554666567403521,3.01285086120655,1.57102608028918,0.904040358415477,2.23801180216288,NA,NA,NA,NA,NA,NA,NA,"STEP Aire","IAV","2022/23"
"47",2022-09-20,2.5564693976087,0.346105526438928,4.76683326877847,1.68870888234963,0.757191669287755,2.62022609541151,1.48951238507408,0.874476665941877,2.10454810420629,NA,NA,NA,NA,NA,NA,NA,"STEP Aire","IAV","2022/23"
"48",2022-09-21,2.07591493815196,0.65426880693722,3.49756106936671,1.61269984482471,0.880689681207016,2.34471000844241,1.37933164972794,0.793839296808765,1.96482400264712,NA,NA,NA,NA,NA,NA,NA,"STEP Aire","IAV","2022/23"
"49",2022-09-22,1.59536047869523,0.154542757555384,3.03617819983508,1.5320182640765,0.897796515433779,2.16624001271922,1.30911008134616,0.74419651980016,1.87402364289215,0.878005895247922,0.250126348408187,1.89289770539441,1.89289770539441,0.250126348408187,0.61064285800343,1.14536893249241,"STEP Aire","IAV","2022/23"
"50",2022-09-23,1.1148060192385,0,2.48706648770941,1.42295080245122,0.833861118949555,2.01204048595289,1.31376020903232,0.740820310074448,1.88670010799019,0.880718230333751,0.242126995962066,1.92403591039679,1.92403591039679,0.242126995962066,0.67180098395843,1.08963547670907,"STEP Aire","IAV","2022/23"
"51",2022-09-24,0.743204012825665,0,1.86597988989909,1.34401873466638,0.781861674702694,1.90617579463006,1.32421428430755,0.732376133638786,1.91605243497632,0.912042593354511,0.247811572181706,2.00106275865132,2.00106275865132,0.247811572181706,0.720829420078409,1.10325576663061,"STEP Aire","IAV","2022/23"
"52",2022-09-25,0.371602006412832,0,1.78882964634634,1.33234803221682,0.769541253482515,1.89515481095113,1.30324679307674,0.703350654624725,1.90314293152875,0.947762490881868,0.257191118081299,2.08039567508391,2.08039567508391,0.257191118081299,0.761986314768058,1.13353866699568,"STEP Aire","IAV","2022/23"
"53",2022-09-26,0,0,1.78363535524643,1.33213240261485,0.754586006496666,1.90967879873304,1.32522559055782,0.711898001013595,1.93855318010204,0.974879285208673,0.265204842848354,2.13798620557087,2.13798620557087,0.265204842848354,0.801347487372276,1.14841108304507,"STEP Aire","IAV","2022/23"
"54",2022-09-27,0.270727680117174,0,1.61002827292963,1.30777850067299,0.721644065123084,1.89391293622289,1.36520717454769,0.736164635412296,1.99424971368309,0.997935058301091,0.273859747672776,2.18155089134531,2.18155089134531,0.273859747672776,0.848414219149349,1.14745589745283,"STEP Aire","IAV","2022/23"
"55",2022-09-28,0.541455360234348,0,1.82394183275848,1.32283565792073,0.722373970341984,1.92329734549947,1.36003741153865,0.735169650900419,1.98490517217688,1.01578998948636,0.282081183329186,2.2109046024137,2.2109046024137,0.282081183329186,0.876677443642481,1.15490253533024,"STEP Aire","IAV","2022/23"
"56",2022-09-29,0.812183040351522,0,2.43952893865196,1.3571841087781,0.739427040302991,1.97494117725321,1.36031205331572,0.743571202683518,1.97705290394792,1.02054638583635,0.285441581690436,2.21535762614943,2.21535762614943,0.285441581690436,0.88899935056882,1.15209342110388,"STEP Aire","IAV","2022/23"
"57",2022-09-30,1.0829107204687,0,2.68696603082341,1.3548579685998,0.736971272125103,1.97274466507451,1.41199205103125,0.789132529236373,2.03485157282612,1.02439145271029,0.289220832179657,2.21593336707968,2.21593336707968,0.289220832179657,0.893115346970334,1.15566755845025,"STEP Aire","IAV","2022/23"
"58",2022-10-01,1.83285826625532,0.706596581735702,2.95911995077493,1.3549957813756,0.74284270711362,1.96714885563759,1.49546933760547,0.849644137772527,2.14129453743841,1.04840313517363,0.30384318707682,2.24564064408241,2.24564064408241,0.30384318707682,0.904497431695679,1.19230883865159,"STEP Aire","IAV","2022/23"
"59",2022-10-02,2.58280581204194,0.554436813540383,4.61117481054349,1.39673609109527,0.781507758427008,2.01196442376353,1.55355852092155,0.88541736379211,2.22169967805098,1.07920105752669,0.323864320654915,2.28088691040974,2.28088691040974,0.323864320654915,0.92681681861606,1.23158529643732,"STEP Aire","IAV","2022/23"
"60",2022-10-03,3.33275335782856,1.06635109364429,5.59915562201282,1.46909694398061,0.835734173508561,2.10245971445266,1.573183134327,0.8905927998063,2.25577346884771,1.08916122461657,0.33582961184391,2.27767056424681,2.27767056424681,0.33582961184391,0.937042415180421,1.24128003405271,"STEP Aire","IAV","2022/23"
"61",2022-10-04,2.74956501837142,0.557722086172272,4.94140795057056,1.52643341820758,0.872398784681726,2.18046805173344,1.54847993917564,0.858552080752239,2.23840779759905,1.06615321676052,0.331557454062923,2.22203058316957,2.22203058316957,0.331557454062923,0.916167336651691,1.21613909686936,"STEP Aire","IAV","2022/23"
"62",2022-10-05,2.16637667891428,0.736482676536917,3.59627068129164,1.55588960569718,0.886174741378672,2.22560447001569,1.52105373441544,0.827870996643697,2.21423647218719,1.02931281939134,0.318433763982009,2.14968858413818,2.14968858413818,0.318433763982009,0.877908991557904,1.18071664722477,"STEP Aire","IAV","2022/23"
"63",2022-10-06,1.58318833945714,0.179858148804682,2.9865185301096,1.54460959837041,0.866241916184427,2.22297728055638,1.51878792262797,0.832208107130588,2.20536773812535,1.00136332869976,0.307047474473845,2.09865297186656,2.09865297186656,0.307047474473845,0.850199938695265,1.15252671870426,"STEP Aire","IAV","2022/23"
"64",2022-10-07,1,0,2.44733237857105,1.52446463359831,0.840940931674543,2.20798833552208,1.51299991506051,0.837100937198407,2.18889889292261,0.98988276899744,0.30174312307995,2.07939663894493,2.07939663894493,0.30174312307995,0.84451689063499,1.13524864735989,"STEP Aire","IAV","2022/23"
"65",2022-10-08,1.02335565424479,0,2.38874332257144,1.52227877238406,0.841197553982127,2.203359990786,1.47962170323887,0.807968224249417,2.15127518222831,0.983635587856887,0.297750890223745,2.07192439959512,2.07192439959512,0.297750890223745,0.84262430990848,1.12464686580529,"STEP Aire","IAV","2022/23"
"66",2022-10-09,1.04671130848957,0,2.78403369463514,1.51762534209678,0.84431608670013,2.19093459749343,1.43132328649111,0.753701048569817,2.1089455244124,0.970097662934917,0.289242913329873,2.05544598802924,2.05544598802924,0.289242913329873,0.827757544269546,1.11243778160029,"STEP Aire","IAV","2022/23"
"67",2022-10-10,1.07006696273436,0,3.94761864542671,1.49007767010561,0.821955786789352,2.15819955342186,1.40796766531865,0.727666547835029,2.08826878280227,0.956441459462249,0.279835615171546,2.04126801454949,2.04126801454949,0.279835615171546,0.812307169725118,1.10057574919938,"STEP Aire","IAV","2022/23"
"68",2022-10-11,1.15828252414817,0,3.23440236439256,1.44630117887517,0.774997204881974,2.11760515286837,1.4275957315469,0.75979779034109,2.0953936727527,0.959492645551293,0.278029300487373,2.05532754636882,2.05532754636882,0.278029300487373,0.817105150814068,1.10188014028852,"STEP Aire","IAV","2022/23"
"69",2022-10-12,1.24649808556199,0,2.52101301341576,1.41951088866563,0.745676751418769,2.0933450259125,1.46349932916564,0.813713320867439,2.11328533746383,0.982818730180811,0.286502131569081,2.10049531556118,2.10049531556118,0.286502131569081,0.845125925701294,1.12051153466033,"STEP Aire","IAV","2022/23"
"70",2022-10-13,1.33471364697581,0,2.76460764935317,1.42910452353941,0.764586123949404,2.09362292312942,1.51737710415742,0.892171567969574,2.14258264034527,1.01783881330536,0.302649324104022,2.15887597414781,2.15887597414781,0.302649324104022,0.877178579417826,1.1584990471929,"STEP Aire","IAV","2022/23"
"71",2022-10-14,1.42292920838963,0,3.02110883852125,1.45454963342098,0.803931926500086,2.10516734034187,1.59962447523922,1.00382968499324,2.1954192654852,1.05489889001205,0.323045248546428,2.21197573829564,2.21197573829564,0.323045248546428,0.902577478188313,1.20722030183579,"STEP Aire","IAV","2022/23"
"72",2022-10-15,1.51114476980345,0.278531220411782,2.74375831919511,1.4985148206803,0.869708360164458,2.12732128119615,1.68070350427786,1.09822568335229,2.26318132520342,1.08673115107148,0.344477827001353,2.24771475994314,2.24771475994314,0.344477827001353,0.923982708340089,1.24947959380287,"STEP Aire","IAV","2022/23"
"73",2022-10-16,1.59936033121727,0,3.51849988860724,1.57081919802904,0.971394403930329,2.17024399212775,1.76214439856823,1.17101636097507,2.35327243616139,1.10928479352698,0.36441788310016,2.26132779139424,2.26132779139424,0.36441788310016,0.941549394050607,1.27702019300335,"STEP Aire","IAV","2022/23"
"74",2022-10-17,1.68757589263108,0,4.00494565964989,1.64573688738195,1.06393223431623,2.22754154044767,1.84677722881876,1.21797342951371,2.47558102812381,1.11962747686295,0.380200276785743,2.25126691229,2.25126691229,0.380200276785743,0.951201983939949,1.28805296978595,"STEP Aire","IAV","2022/23"
"75",2022-10-18,1.7757914540449,0,3.86508596995432,1.72414970527432,1.14215207289494,2.3061473376537,1.92808530588723,1.25881286399709,2.59735774777737,1.1218603667492,0.392773765415138,2.22676791892644,2.22676791892644,0.392773765415138,0.959892078366082,1.28382865513232,"STEP Aire","IAV","2022/23"
"76",2022-10-19,1.86400701545872,0,3.8395091221015,1.80693946824143,1.1982325944548,2.41564634202806,2.0000437441605,1.3184165939459,2.6816708943751,1.11824782434643,0.402308083004388,2.19368916932182,2.19368916932182,0.402308083004388,0.975710886408781,1.26078476228407,"STEP Aire","IAV","2022/23"
"77",2022-10-20,1.95222257687254,0,3.93366844012164,1.88815333349924,1.24244659420092,2.53386007279756,2.06483567270446,1.38068867364485,2.74898267176407,1.10985801447345,0.40869570867078,2.15510324263808,2.15510324263808,0.40869570867078,0.991587705318357,1.22812832362855,"STEP Aire","IAV","2022/23"
"78",2022-10-21,2.04043813828636,0,4.2859898924332,1.96199765251965,1.29773242808035,2.62626287695896,2.12301458170623,1.42666793523884,2.81936122817363,1.09873801164542,0.412611357945483,2.11497801718233,2.11497801718233,0.412611357945483,0.98844045841899,1.20903556487186,"STEP Aire","IAV","2022/23"
"79",2022-10-22,2.12865369970018,0.416787963037954,3.8405194363624,2.02959303322188,1.35734611883401,2.70183994760976,2.15362805983308,1.4310989257624,2.87615719390376,1.08369676210631,0.412993677883807,2.07225772531601,2.07225772531601,0.412993677883807,0.966724092423483,1.20066943178914,"STEP Aire","IAV","2022/23"
"80",2022-10-23,2.21686926111399,0.349490391209766,4.08424813101822,2.09206008352512,1.4079065502091,2.77621361684115,2.14577651117851,1.40306421051587,2.88848881184114,1.06161403272738,0.407626871808738,2.0231309404172,2.0231309404172,0.407626871808738,0.94034195423168,1.18288611122309,"STEP Aire","IAV","2022/23"
"81",2022-10-24,2.30508482252781,0,5.19432783908504,2.13159375634607,1.4241495085541,2.83903800413803,2.11515471577167,1.37017955584231,2.86012987570102,1.03309653207267,0.396390788162979,1.96943088822295,1.96943088822295,0.396390788162979,0.916095821062831,1.1500972430825,"STEP Aire","IAV","2022/23"
"82",2022-10-25,2.39330038394163,0,5.15831159989885,2.13673177061731,1.40824445619073,2.8652190850439,2.07552824950324,1.34545434686451,2.80560215214197,1.00418863824085,0.382513171189634,1.92063042327887,1.92063042327887,0.382513171189634,0.895799758060171,1.11257751842154,"STEP Aire","IAV","2022/23"
"83",2022-10-26,2.48151594535545,0.719104572705191,4.2439273180057,2.11810888328194,1.38189249022302,2.85432527634085,2.03867864867797,1.33055972903401,2.74679756832193,0.982146857957038,0.370318299710063,1.88713275857791,1.88713275857791,0.370318299710063,0.880212138238548,1.08408157767553,"STEP Aire","IAV","2022/23"
"84",2022-10-27,2.56973150676927,0.932778996697234,4.2066840168413,2.08635985128303,1.35966729865443,2.81305240391162,1.99364942461997,1.31635099387043,2.67094785536951,0.967150276984146,0.360331236630283,1.86828030996854,1.86828030996854,0.360331236630283,0.869992749991346,1.06430780397695,"STEP Aire","IAV","2022/23"
"85",2022-10-28,2.65794706818308,0.568652552273669,4.7472415840925,2.05405235537829,1.34454050979785,2.76356420095872,1.92209004500244,1.27288789814028,2.5712921918646,0.953345093603564,0.349656868034726,1.85446810704309,1.85446810704309,0.349656868034726,0.851852534728807,1.05483765247832,"STEP Aire","IAV","2022/23"
"86",2022-10-29,2.7461626295969,0.998043729057935,4.49428153013587,2.01393046903728,1.33047137915945,2.69738955891512,1.88719009993502,1.24458506624519,2.52979513362485,0.944566350943531,0.340870616388676,1.850491473049,1.850491473049,0.340870616388676,0.82632097293612,1.06281172895094,"STEP Aire","IAV","2022/23"
"87",2022-10-30,2.83437819101072,0.998756180470349,4.67000020155109,1.94689353827089,1.29221249487751,2.60157458166427,1.87132335539371,1.21969101194336,2.52295569884405,0.944060354613986,0.336077360580642,1.8604773681022,1.8604773681022,0.336077360580642,0.809677425516876,1.07844328371109,"STEP Aire","IAV","2022/23"
"88",2022-10-31,2.92259375242454,0.196128127547329,5.64905937730175,1.90935294821022,1.26752292610984,2.5511829703106,1.97325420393082,1.32010800060672,2.62640040725492,0.973695628379203,0.348629807616454,1.91409780514545,1.91409780514545,0.348629807616454,0.836113847859531,1.11127740889887,"STEP Aire","IAV","2022/23"
"89",2022-11-01,0,0,1.98816063973097,1.88048965246567,1.23646995117854,2.5245093537528,2.29500043421005,1.64921068199047,2.94079018642963,1.0580798545511,0.395456479158774,2.04105372550257,2.04105372550257,0.395456479158774,0.930557500700291,1.1856022084019,"STEP Aire","IAV","2022/23"
"90",2022-11-02,0,0,1.25217505796654,1.94805963874524,1.30349633649863,2.59262294099185,2.68326536856423,2.02115625610121,3.34537448102725,1.18480663024656,0.476030713120101,2.21112489861475,2.21112489861475,0.476030713120101,1.05947093347287,1.31014232702025,"STEP Aire","IAV","2022/23"
"91",2022-11-03,3.62591284503298,2.06747043669568,5.18435525337028,2.21044517161047,1.57208364174899,2.84880670147196,2.99130610328376,2.2790222706656,3.70358993590192,1.287821750729,0.556327951716382,2.32103402436422,2.32103402436422,0.556327951716382,1.15076915197211,1.4248743494859,"STEP Aire","IAV","2022/23"
"92",2022-11-04,0,0,1.81284506223318,2.54863936507143,1.90108052276432,3.19619820737855,3.28670936603432,2.4970164651774,4.07640226689124,1.31978700863421,0.603530857858522,2.31148231732057,2.31148231732057,0.603530857858522,1.17795740060891,1.46161661665951,"STEP Aire","IAV","2022/23"
"93",2022-11-05,2.02995013825666,0.385352741249166,3.67454753526415,2.8436353331382,2.15764420924094,3.52962645703546,3.67744762824491,2.7839737913035,4.57092146518632,1.31255507606964,0.629296832826312,2.24271003809375,2.24271003809375,0.629296832826312,1.17328259959119,1.45182755254809,"STEP Aire","IAV","2022/23"
"94",2022-11-06,2.03205984537541,0,4.34942961239422,3.13593522536884,2.38442146375814,3.88744898697954,4.09118307460968,3.07426723724204,5.10809891197733,1.30414802445083,0.653316046941665,2.1761470674406,2.1761470674406,0.653316046941665,1.16843991674694,1.43985613215473,"STEP Aire","IAV","2022/23"
"95",2022-11-07,1.0160299226877,0,3.74479490755603,3.50853149690159,2.66524511664892,4.35181787715426,4.45961408227645,3.31470823513286,5.60451992942004,1.29477544173911,0.674705993890487,2.11356137274151,2.11356137274151,0.674705993890487,1.16497752285146,1.42457336062676,"STEP Aire","IAV","2022/23"
"96",2022-11-08,0,0,3.56727071049286,3.90615272011678,2.94912464670239,4.86318079353118,4.83159592877916,3.55161843149329,6.11157342606503,1.27551251862121,0.687049056740539,2.04299915145631,2.04299915145631,0.687049056740539,1.15536698743269,1.39565804980973,"STEP Aire","IAV","2022/23"
"97",2022-11-09,2.1683588901936,0.0971538447741254,4.23956393561307,4.27352746739477,3.19341967319302,5.35363526159652,5.26618069510246,3.83453155343183,6.6978298367731,1.25550374919712,0.696309267010085,1.97680280803298,1.97680280803298,0.696309267010085,1.14537717283991,1.36563032555433,"STEP Aire","IAV","2022/23"
"98",2022-11-10,4.33671778038719,2.13203608795177,6.54139947282261,4.64424242923863,3.43240783458734,5.85607702388992,5.71922266484469,4.1272403006684,7.31120502902098,1.24268255132811,0.708262517136006,1.9248672467434,1.9248672467434,0.708262517136006,1.14033892081773,1.3450261818385,"STEP Aire","IAV","2022/23"
"99",2022-11-11,6.50507667058079,3.44787132875221,9.56228201240936,5.06631870904289,3.70776692717007,6.42487049091572,6.15010311780567,4.39827896835142,7.90192726725992,1.23265584368204,0.720327936889281,1.88035367671205,1.88035367671205,0.720327936889281,1.13666913312828,1.3286425542358,"STEP Aire","IAV","2022/23"
"100",2022-11-12,8.67343556077438,6.06933287936818,11.2775382421806,5.50613649852505,3.99222848840788,7.02004450864222,NA,NA,NA,NA,NA,NA,NA,NA,NA,NA,"STEP Aire","IAV","2022/23"
"101",2022-11-13,10.841794450968,7.00269842033016,14.6808904816058,5.93007598940262,4.25997022422387,7.60018175458136,NA,NA,NA,NA,NA,NA,NA,NA,NA,NA,"STEP Aire","IAV","2022/23"
"102",2022-09-14,NA,NA,NA,NA,NA,NA,2.05504748259078,0,5.38258552001351,NA,NA,NA,NA,NA,NA,NA,"STEP Aire","IBV","2022/23"
"103",2022-09-15,NA,NA,NA,NA,NA,NA,1.7311991883514,0.188675844465273,3.27372253223752,NA,NA,NA,NA,NA,NA,NA,"STEP Aire","IBV","2022/23"
"104",2022-09-16,2.04138488687751,0.426127596746798,3.65664217700823,2.08189819410607,0,5.71833998347515,1.47611301871546,0.618650041908724,2.3335759955222,NA,NA,NA,NA,NA,NA,NA,"STEP Aire","IBV","2022/23"
"105",2022-09-17,1.69425678753506,0.429002202210357,2.95951137285976,1.80953364942063,0,3.7814590924618,1.2698609969751,0.621635052311746,1.91808694163846,NA,NA,NA,NA,NA,NA,NA,"STEP Aire","IBV","2022/23"
"106",2022-09-18,1.34712868819261,0.703749494241255,1.99050788214396,1.58054088730926,0.393052210438162,2.76802956418035,1.09382893777158,0.359040632700833,1.82861724284232,NA,NA,NA,NA,NA,NA,NA,"STEP Aire","IBV","2022/23"
"107",2022-09-19,1.00000058885015,0,3.14849363150496,1.37207360428095,0.632203836676969,2.11194337188493,0.927440214709365,0.0737436544930949,1.78113677492564,NA,NA,NA,NA,NA,NA,NA,"STEP Aire","IBV","2022/23"
"108",2022-09-20,1.03170164513922,0,5.94176090854951,1.18838841265135,0.488884131058088,1.8878926942446,0.77597879263965,0,1.7100103530069,NA,NA,NA,NA,NA,NA,NA,"STEP Aire","IBV","2022/23"
"109",2022-09-21,1.06340270142829,0,4.37255811520715,1.01430813895891,0.234750270710455,1.79386600720737,0.645135745455855,0,1.5892797783191,NA,NA,NA,NA,NA,NA,NA,"STEP Aire","IBV","2022/23"
"110",2022-09-22,1.09510375771736,0,2.64142588556948,0.854815197324601,0,1.72935829589215,0.535583072556016,0,1.4740627710156,NA,NA,NA,NA,NA,NA,NA,"STEP Aire","IBV","2022/23"
"111",2022-09-23,1.12680481400643,0,2.31735926791324,0.714892001869368,0,1.62560186319094,0.440164608207031,0,1.36853899854297,NA,NA,NA,NA,NA,NA,NA,"STEP Aire","IBV","2022/23"
"112",2022-09-24,0.75120320933762,0.214079948673917,1.28832647000132,0.596438798168789,0,1.51967475040921,0.352534559687782,0,1.21059186104342,NA,NA,NA,NA,NA,NA,NA,"STEP Aire","IBV","2022/23"
"113",2022-09-25,0.37560160466881,0.37560160466881,0.37560160466881,0.493577625586946,0,1.42337984605141,0.277654843875435,0,1.04714703700911,NA,NA,NA,NA,NA,NA,NA,"STEP Aire","IBV","2022/23"
"114",2022-09-26,0,0,2.0609599452742,0.399623588927549,0,1.27653650087053,0.212465123548998,0,0.908270153776264,NA,NA,NA,NA,NA,NA,NA,"STEP Aire","IBV","2022/23"
"115",2022-09-27,0,0,3.43493324212367,0.319379810149788,0,1.11780133733885,0.149544431145156,0,0.781515569154146,NA,NA,NA,NA,NA,NA,NA,"STEP Aire","IBV","2022/23"
"116",2022-09-28,0,0,2.15468730323558,0.250298073587711,0,0.977005733513408,0.0964190711983836,0,0.683381971718758,NA,NA,NA,NA,NA,NA,NA,"STEP Aire","IBV","2022/23"
"117",2022-09-29,0,0,1.37397329684947,0.183589063721415,0,0.841464935501166,0.0574637903793228,0,0.600947698347883,NA,NA,NA,NA,NA,NA,NA,"STEP Aire","IBV","2022/23"
"118",2022-09-30,0,0,0.64337919395135,0.125076770209511,0,0.7331416289999,0.0339425432123045,0,0.53056114484861,0.358661382643634,0,2.56400022543548,2.56400022543548,9.72674271997584e-08,0,0.854802063277237,"STEP Aire","IBV","2022/23"
"119",2022-10-01,0,0,0,0.0789692491857756,0,0.644688240212503,0.0188744158653081,0,0.487827177528488,0.32125786656189,0,2.72343793450479,2.72343793450479,2.94393868749162e-11,0,0.858146532108981,"STEP Aire","IBV","2022/23"
"120",2022-10-02,0,0,0,0.0494745567839847,0,0.568975175141144,0.00711661167083876,0,0.467913157572974,0.299237024509215,0,2.92685849328603,2.92685849328603,1.69215320264582e-16,0,0.928750825199363,"STEP Aire","IBV","2022/23"
"121",2022-10-03,0,0,0.940382634860696,0.0306898143568883,0,0.513100161934977,0.00121818696508959,0,0.470892660433628,0.287986179686573,0,3.12402195689883,3.12402195689883,3.69492716402467e-24,0,1.01586144151487,"STEP Aire","IBV","2022/23"
"122",2022-10-04,0,0,1.88076526972139,0.0150690850692562,0,0.478485683119128,4.13983145177563e-05,0,0.497912941021441,0.300412411811104,0,3.41739686723479,3.41739686723479,2.77070318190907e-33,0,1.06381350960625,"STEP Aire","IBV","2022/23"
"123",2022-10-05,0,0,1.52127674887617,0.00435583777289432,0,0.467330496174882,2.01658575196837e-05,0,0.52589085054356,0.371726265244377,0,4.25667269842203,4.25667269842203,8.0990510548141e-39,0,1.10577300941059,"STEP Aire","IBV","2022/23"
"124",2022-10-06,0,0,0.940382634860696,0.000293541319608784,0,0.482464102219684,9.33003548863545e-06,0,0.531928404401447,0.508152351722157,0,5.81803662814072,5.81803662814072,7.68925742799209e-40,0,1.46083922723171,"STEP Aire","IBV","2022/23"
"125",2022-10-07,0,0,0.470191317430348,0.000160114067775632,0,0.507300315169626,1.53116513335464e-06,0,0.522042916526881,0.665397802129579,0,7.61830265054181,7.61830265054181,9.19545979111941e-40,0,2.08077192546381,"STEP Aire","IBV","2022/23"
"126",2022-10-08,0,0,0,6.89382858983654e-05,0,0.519435055004958,0,0,0.506933672108831,0.796565195494251,0,9.12000840509411,9.12000840509411,1.05136767664388e-39,0,2.28477813461153,"STEP Aire","IBV","2022/23"
"127",2022-10-09,0,0,0,1.66786909741125e-05,0,0.518434166051683,0,0,0.499128628980883,0.88587255690969,0,10.1424710236336,10.1424710236336,1.14462562385059e-39,0,2.18713581096466,"STEP Aire","IBV","2022/23"
"128",2022-10-10,0,0,1.37397329684947,0,0,0.50803605599699,0,0,0.495049946658887,0.93927758650914,0,10.7539065521778,10.7539065521778,1.20939785722709e-39,0,2.06548481702978,"STEP Aire","IBV","2022/23"
"129",2022-10-11,0,0,2.37583512745659,0,0,0.499061258599869,0,0,0.493542549933409,0.968696818362781,0,11.0907310167823,11.0907310167823,1.24727756017762e-39,0,1.98263302818404,"STEP Aire","IBV","2022/23"
"130",2022-10-12,0,0,1.81457405171748,0,0,0.492994777564395,0,0,0.492926217808503,0.984141316077669,1.26716363295378e-39,11.267557002579,11.267557002579,1.26716363295378e-39,0.0578393027044386,1.9104433294509,"STEP Aire","IBV","2022/23"
"131",2022-10-13,0,0,0.940382634860696,0,0,0.487803133659698,0,0,0.485699771295696,0.99204143873681,1.27733569662593e-39,11.3580064948775,11.3580064948775,1.27733569662593e-39,0.124592361257118,1.8594905162165,"STEP Aire","IBV","2022/23"
"132",2022-10-14,0,0,0.470191317430348,0,0,0.487639791699659,0,0,0.478679746349952,0.996027101468384,1.28246756822217e-39,11.4036388459306,11.4036388459306,1.28246756822217e-39,0.155665365076908,1.83638883785986,"STEP Aire","IBV","2022/23"
"133",2022-10-15,0,0,0,0,0,0.483328996097382,0,0,0.466007187286867,0.99802281264264,1.28503721201274e-39,11.4264879927444,11.4264879927444,1.28503721201274e-39,0.113769176270212,1.88227644901507,"STEP Aire","IBV","2022/23"
"134",2022-10-16,0,0,0,0,0,0.47604377338489,0,0,0.457909610439543,0.999017874794829,0,11.4378805837653,11.4378805837653,1.28631843712867e-39,0,2.06032401568785,"STEP Aire","IBV","2022/23"
"135",2022-10-17,0,0,1.1879175637283,0,0,0.464889413463969,0,0,0.466089177489281,0.999512761942629,0,11.4435466086101,11.4435466086101,1.28695564540949e-39,0,2.15698706432769,"STEP Aire","IBV","2022/23"
"136",2022-10-18,0,0,2.5735167758054,0,0,0.455488102015092,0.000649122179610229,0,0.487372815509741,1.01598263064413,0,11.633889812515,11.633889812515,5.61658388329268e-39,0,2.06769610018273,"STEP Aire","IBV","2022/23"
"137",2022-10-19,0,0,1.94953643693148,0,0,0.45691255744053,0.00318622203303544,0,0.506533542449564,1.09162238507733,4.10845742511034e-36,12.4868105757343,12.4868105757343,4.10845742511034e-36,0.171604729510318,2.01164004064434,"STEP Aire","IBV","2022/23"
"138",2022-10-20,0,0,1.0742465213274,0.000695306948511697,0,0.473258006221786,0.0070765039620669,0,0.51698831199598,1.23784484852962,4.84823589980167e-31,14.0168919045585,14.0168919045585,4.84823589980167e-31,0.349826890645336,2.1258628064139,"STEP Aire","IBV","2022/23"
"139",2022-10-21,0,0,0.470191317430348,0.00273395653915986,0,0.49330253687077,0.0119915793483065,0,0.523052769713806,1.41328434126766,2.47083858964286e-25,15.5571386661567,15.5571386661567,2.47083858964286e-25,0.376694077629829,2.4498746049055,"STEP Aire","IBV","2022/23"
"140",2022-10-22,0,0,0,0.00604504188961408,0,0.507993019091233,0.024932615057905,0,0.542536385522337,1.68239177237489,1.01817048331791e-18,17.3079842340036,17.3079842340036,1.01817048331791e-18,0.622221250727968,2.74256229402181,"STEP Aire","IBV","2022/23"
"141",2022-10-23,0,0,0,0.010557656117544,0,0.515623011362123,0.0497653803248357,0,0.579562107669282,2.08259995094458,2.30306337200967e-12,18.8119133553649,18.8119133553649,2.30306337200967e-12,0.857141399405497,3.30805850248367,"STEP Aire","IBV","2022/23"
"142",2022-10-24,0,0,1.1879175637283,0.0217321920976085,0,0.530145673719588,0.0799363954494315,0,0.638675546108571,2.38089901893345,4.67088938984501e-08,18.1943098718827,18.1943098718827,4.67088938984501e-08,0.864709120521239,3.89708891734566,"STEP Aire","IBV","2022/23"
"143",2022-10-25,0,0,2.5735167758054,0.0427266237341587,0,0.560095834673902,0.111167341188735,0,0.722097128085901,2.36327591820752,1.1458703874002e-05,15.4156570507518,15.4156570507518,1.1458703874002e-05,0.864615720630517,3.86193611578453,"STEP Aire","IBV","2022/23"
"144",2022-10-26,0,0,1.9434950947421,0.0700164156894022,0,0.609565951463841,0.206957825647575,0,0.853223821183132,2.50520908135591,0.000955056198943916,13.3680840449142,13.3680840449142,0.000955056198943916,1.19238719368773,3.81803096902408,"STEP Aire","IBV","2022/23"
"145",2022-10-27,0,0,1.37397329684947,0.100077032625547,0,0.681633544022112,0.394136071832806,0,1.0439457429348,2.87252505558587,0.0254380520095561,12.0022001240877,12.0022001240877,0.0254380520095561,1.63677376604397,4.10827634512776,"STEP Aire","IBV","2022/23"
"146",2022-10-28,0,0,0.593958781864148,0.183221440449539,0,0.801437929333415,0.606924272585332,0,1.26884863379226,2.98090652548509,0.14088096495458,10.0132513270138,10.0132513270138,0.14088096495458,1.76286015710471,4.19895289386547,"STEP Aire","IBV","2022/23"
"147",2022-10-29,0,0,0,0.341321033709624,0,0.973074797509938,0.985248050814792,0.303042893832453,1.66745320779713,2.92765568687767,0.361864823881891,8.11586743124915,8.11586743124915,0.361864823881891,1.85957801972591,3.99573335402943,"STEP Aire","IBV","2022/23"
"148",2022-10-30,0,0,0,0.528188920029954,0,1.17589099343575,1.48717665514529,0.762173026682244,2.21218028360834,2.74343268751057,0.589933608254511,6.52003939237201,6.52003939237201,0.589933608254511,1.85964019683822,3.62722517818291,"STEP Aire","IBV","2022/23"
"149",2022-10-31,0,0,1.93013758185405,0.856926905106311,0.192114680132669,1.52173913007995,1.91778472913949,1.13938587481552,2.69618358346347,2.4427814765929,0.723994470218864,5.18772161694255,5.18772161694255,0.723994470218864,1.74878954038323,3.13677341280256,"STEP Aire","IBV","2022/23"
"150",2022-11-01,0,0,3.56375269118489,1.29724342182745,0.601161664039454,1.99332517961545,2.33251004164578,1.50777398781254,3.15724609547903,2.10912725551834,0.755649806892466,4.14499170210537,4.14499170210537,0.755649806892466,1.54104317248921,2.67721133854748,"STEP Aire","IBV","2022/23"
"151",2022-11-02,2.19080181081531,0,4.43216018734559,1.70752635796836,0.965193600706175,2.44985911523054,2.75392598482355,1.8654154445282,3.6424365251189,1.82581248642059,0.736655615738284,3.40068971045917,3.40068971045917,0.736655615738284,1.34949838310043,2.30212658974075,"STEP Aire","IBV","2022/23"
"152",2022-11-03,0,0,1.42550107647395,2.12179490814102,1.33417524679529,2.90941456948676,3.18287368289892,2.20386284771524,4.1618845180826,1.6390801415564,0.721232363202745,2.92722078801144,2.92722078801144,0.721232363202745,1.23961653843114,2.03854374468166,"STEP Aire","IBV","2022/23"
"153",2022-11-04,0,0,1.22942931893824,2.54221908101462,1.6949623477813,3.38947581424793,3.56392646096256,2.49014466704361,4.63770825488151,1.51214953322258,0.71020784882381,2.61197905091831,2.61197905091831,0.71020784882381,1.18439965659615,1.83989940984902,"STEP Aire","IBV","2022/23"
"154",2022-11-05,0,0,1.18857733471153,2.9709688852583,2.04003469730837,3.90190307320822,3.88278961042377,2.72004179718606,5.04553742366149,1.4123806320152,0.696245391051761,2.37752632663681,2.37752632663681,0.696245391051761,1.14419740373953,1.68056386029086,"STEP Aire","IBV","2022/23"
"155",2022-11-06,0,0,0.686986648424734,3.36310626946414,2.34086247302616,4.38535006590211,4.20015543499596,2.93793510488719,5.46237576510473,1.33266621421264,0.681572560317935,2.19839946709052,2.19839946709052,0.681572560317935,1.10629339047715,1.55903903794814,"STEP Aire","IBV","2022/23"
"156",2022-11-07,7.02553980635047,3.16100217172544,10.8900774409755,3.70141423458929,2.5905247843042,4.81230368487437,4.56671244140738,3.18453120425471,5.94889367856006,1.27941190375581,0.675201459853933,2.07349933904302,2.07349933904302,0.675201459853933,1.0807908594369,1.47803294807471,"STEP Aire","IBV","2022/23"
"157",2022-11-08,14.0510796127009,7.37086943955075,20.7312897858511,4.02964436785051,2.82126467864187,5.23802405705915,4.96791337385088,3.450202303007,6.48562444469476,1.25208411245511,0.680654773873974,1.99477753705458,1.99477753705458,0.680654773873974,1.07618195373576,1.42798627117445,"STEP Aire","IBV","2022/23"
"158",2022-11-09,11.2408636901608,7.09902140277741,15.3827059775441,4.39154825646457,3.0680729065669,5.71502360636224,5.36021711952647,3.70057335331892,7.01986088573401,1.23787820963181,0.691827082169666,1.94016519458398,1.94016519458398,0.691827082169666,1.07895577206865,1.39680064719497,"STEP Aire","IBV","2022/23"
"159",2022-11-10,8.43064776762057,5.79661188842561,11.0646836468155,4.78228984578458,3.32910914010405,6.23547055146511,5.74705777830738,3.94033609574366,7.5537794608711,1.22503341759919,0.701813530937355,1.8915964969437,1.8915964969437,0.701813530937355,1.07627774962891,1.37378908556948,"STEP Aire","IBV","2022/23"
"160",2022-11-11,5.62043184508038,3.50985744704808,7.73100624311268,5.16906427453323,3.57882990739418,6.75929864167228,6.1345879797928,4.17803807900068,8.09113788058492,1.21001040307913,0.708424667215361,1.84366491830778,1.84366491830778,0.708424667215361,1.06833280559211,1.35168800056616,"STEP Aire","IBV","2022/23"
"161",2022-11-12,2.81021592254019,0.676368538282265,4.94406330679811,5.55366991998168,3.8201681479559,7.28717169200746,NA,NA,NA,NA,NA,NA,NA,NA,NA,NA,"STEP Aire","IBV","2022/23"
"162",2022-11-13,0,0,2.17460667831984,5.93790515940107,4.05787993488743,7.8179303839147,NA,NA,NA,NA,NA,NA,NA,NA,NA,NA,"STEP Aire","IBV","2022/23"
"163",2022-09-10,NA,NA,NA,NA,NA,NA,1.30377625195122,0,4.223777455115,NA,NA,NA,NA,NA,NA,NA,"ARA Werdhölzli","IAV","2022/23"
"164",2022-09-11,NA,NA,NA,NA,NA,NA,1.47292359885338,0,3.19107527640539,NA,NA,NA,NA,NA,NA,NA,"ARA Werdhölzli","IAV","2022/23"
"165",2022-09-12,0,0,1.39211234334043,1.28549840402826,0,4.38941674312776,1.6526694623478,0.510121019571672,2.79521790512393,NA,NA,NA,NA,NA,NA,NA,"ARA Werdhölzli","IAV","2022/23"
"166",2022-09-13,1.30486549262567,0.14094873757589,2.46878224767544,1.42918389154991,0,3.42665082357456,1.79382916720713,0.85506587539755,2.7325924590167,NA,NA,NA,NA,NA,NA,NA,"ARA Werdhölzli","IAV","2022/23"
"167",2022-09-14,2.60973098525133,1.29882868383078,3.92063328667188,1.58714775404621,0.225469801786897,2.94882570630553,1.88883150450505,1.0664419502655,2.71122105874461,NA,NA,NA,NA,NA,NA,NA,"ARA Werdhölzli","IAV","2022/23"
"168",2022-09-15,3.914596477877,2.57237228282359,5.2568206729304,1.72615338402014,0.655756643285876,2.79655012475441,2.03660463339538,1.26933127787984,2.80387798891092,NA,NA,NA,NA,NA,NA,NA,"ARA Werdhölzli","IAV","2022/23"
"169",2022-09-16,5.21946197050266,3.08855579699384,7.35036814401149,1.82725990522909,0.937181938857882,2.7173378716003,2.22529673944124,1.49720276268347,2.95339071619901,NA,NA,NA,NA,NA,NA,NA,"ARA Werdhölzli","IAV","2022/23"
"170",2022-09-17,3.8321281958554,1.92281784294786,5.74143854876295,1.96964295098239,1.16618784529857,2.7730980566662,2.37837756675332,1.67391633090487,3.08283880260176,NA,NA,NA,NA,NA,NA,NA,"ARA Werdhölzli","IAV","2022/23"
"171",2022-09-18,2.44479442120815,0,6.44881874587062,2.14739918140832,1.40215796286652,2.89264039995013,2.43431840192722,1.74064784796684,3.1279889558876,1.198906055595,0.485007021426467,2.23024514538926,2.23024514538926,0.485007021426467,0.976108659709431,1.42170345148057,"ARA Werdhölzli","IAV","2022/23"
"172",2022-09-19,1.05746064656089,0,3.16059293962129,2.30387087865804,1.59311890437051,3.01462285294558,2.43454846001943,1.75618382079341,3.11291309924546,1.14416617382958,0.470326625691353,2.11234859734278,2.11234859734278,0.470326625691353,1.02158888131129,1.26674346634788,"ARA Werdhölzli","IAV","2022/23"
"173",2022-09-20,1.04309548492067,0,2.4425096578395,2.38240032488269,1.68906307578871,3.07573757397666,2.44866196896003,1.78571228741495,3.11161165050512,1.08862829070121,0.449828791634569,2.00483701395328,2.00483701395328,0.449828791634569,0.991964444598363,1.18529213680407,"ARA Werdhölzli","IAV","2022/23"
"174",2022-09-21,1.02873032328044,0,2.16607480057378,2.40637906832987,1.72999168047876,3.08276645618098,2.46267472461562,1.78468084404674,3.1406686051845,1.05053214820335,0.434987905799641,1.93276111948797,1.93276111948797,0.434987905799641,0.884054882489907,1.21700941391679,"ARA Werdhölzli","IAV","2022/23"
"175",2022-09-22,1.01436516164022,0,2.44206439065576,2.43261781310344,1.77466022007807,3.09057540612881,2.42847132302656,1.7194351065441,3.13750753950901,1.02544014331575,0.424410114054642,1.88699717081631,1.88699717081631,0.424410114054642,0.856646696657898,1.1942335899736,"ARA Werdhölzli","IAV","2022/23"
"176",2022-09-23,1,0,3.71002621541137,2.45458757513887,1.79143916082738,3.11773598945036,2.43863690803436,1.67768208795633,3.1995917281124,1.01119948647413,0.418209817559374,1.8614438062071,1.8614438062071,0.418209817559374,0.841915241096714,1.18048373185154,"ARA Werdhölzli","IAV","2022/23"
"177",2022-09-24,2.14386889066803,0,4.82948519398655,2.42842577711104,1.74251067453106,3.11434087969103,2.57286522011933,1.75776004177401,3.38797039846466,1.02027026793233,0.425331909112029,1.87098801161134,1.87098801161134,0.425331909112029,0.86939813921992,1.17114239664474,"ARA Werdhölzli","IAV","2022/23"
"178",2022-09-25,3.28773778133607,0,7.21266247388386,2.43135771405733,1.70241259718856,3.16030283092609,2.75953585486893,1.91613838575969,3.60293332397818,1.05891492313089,0.451596028445199,1.9205643401826,1.9205643401826,0.451596028445199,0.926963319308234,1.19086652695355,"ARA Werdhölzli","IAV","2022/23"
"179",2022-09-26,4.43160667200411,2.14969154868986,6.71352179531835,2.53863421777412,1.75780097990069,3.31946745564755,2.96951575957762,2.09573157929024,3.843299939865,1.11185025209635,0.490187208722711,1.98372445290093,1.98372445290093,0.490187208722711,0.993947451658556,1.22975305253415,"ARA Werdhölzli","IAV","2022/23"
"180",2022-09-27,3.74378810101265,2.1718220758548,5.31575412617051,2.69634999996177,1.88200736637207,3.51069263355148,3.18368663416807,2.25086562973235,4.11650763860379,1.15194904856892,0.525445559485986,2.02015608171263,2.02015608171263,0.525445559485986,1.03634909124858,1.26754900588925,"ARA Werdhölzli","IAV","2022/23"
"181",2022-09-28,3.05596953002119,1.07452366677209,5.0374153932703,2.88587370495542,2.03949487354818,3.73225253636266,3.38914608194681,2.38184395274035,4.39644821115326,1.17087158320663,0.55099625809551,2.02041051529929,2.02041051529929,0.55099625809551,1.05248179577115,1.28926137064212,"ARA Werdhölzli","IAV","2022/23"
"182",2022-09-29,2.36815095902974,0,5.14814879541132,3.08857397709022,2.189241396394,3.98790655778644,3.5818543051174,2.51136422416648,4.65234438606831,1.1723191617569,0.566879939679579,1.99399966756991,1.99399966756991,0.566879939679579,1.05085782734486,1.29378049616895,"ARA Werdhölzli","IAV","2022/23"
"183",2022-09-30,1.68033238803828,0,4.7447094680706,3.28999406325393,2.3226099658878,4.25737816062007,3.75214343785846,2.61447027975778,4.88981659595913,1.1621204581369,0.574958396158783,1.95240262238005,1.95240262238005,0.574958396158783,1.03639129557277,1.28784962070103,"ARA Werdhölzli","IAV","2022/23"
"184",2022-10-01,2.07456871738994,0,5.04436262671068,3.48454118393343,2.45597460835236,4.5131077595145,3.79370069553361,2.60147646379039,4.98592492727683,1.13488677680858,0.570022263457334,1.89097537905232,1.89097537905232,0.570022263457334,1.01064660013649,1.25912695348067,"ARA Werdhölzli","IAV","2022/23"
"185",2022-10-02,2.4688050467416,0,8.15056230794282,3.66687994386251,2.57233774761498,4.76142214011004,3.80734106226588,2.58463889191091,5.03004323262084,1.09794487890641,0.555908362970569,1.82134428216014,1.82134428216014,0.555908362970569,0.981225789274404,1.21466396853842,"ARA Werdhölzli","IAV","2022/23"
"186",2022-10-03,2.86304137609326,0,6.16745519779085,3.7369526321466,2.58317883287022,4.89072643142297,3.86135402194466,2.61752838588868,5.10517965800064,1.06405855219103,0.540796946003396,1.76142791380763,1.76142791380763,0.540796946003396,0.955533283072345,1.17258382130972,"ARA Werdhölzli","IAV","2022/23"
"187",2022-10-04,3.94929914282687,2.32822807040903,5.57037021524472,3.7730533282278,2.58102815581849,4.9650785006371,3.83814100012524,2.59338374381106,5.08289825643941,1.03860631220886,0.528666784366949,1.71783924249213,1.71783924249213,0.528666784366949,0.93422982552123,1.14298279889648,"ARA Werdhölzli","IAV","2022/23"
"188",2022-10-05,5.03555690956049,2.82200322275848,7.24911059636249,3.83734845007227,2.61787777512158,5.05681912502295,3.76351643353867,2.5259687179194,5.00106414915795,1.01659342523031,0.516684229384756,1.68283499916789,1.68283499916789,0.516684229384756,0.910327647585124,1.1228592028755,"ARA Werdhölzli","IAV","2022/23"
"189",2022-10-06,6.1218146762941,3.33421312398561,8.90941622860258,3.83174551820629,2.60380912589754,5.05968191051503,3.67250760248056,2.42895719054831,4.91605801441282,0.990870239004149,0.500301647298923,1.64625006558088,1.64625006558088,0.500301647298923,0.878420067398917,1.10332041060938,"ARA Werdhölzli","IAV","2022/23"
"190",2022-10-07,7.20807244302771,3.03154769981082,11.3845971862446,3.77804847670889,2.55268527025696,5.00341168316082,3.63108701964918,2.36755471554119,4.89461932375718,0.972843713541756,0.487557987785353,1.62293784098639,1.62293784098639,0.487557987785353,0.855875110471918,1.08981231661159,"ARA Werdhölzli","IAV","2022/23"
"191",2022-10-08,5.60592416865378,2.08443921906917,9.12740911823839,3.69806126965909,2.46970203645159,4.92642050286659,3.59515373152226,2.32942782850818,4.86087963453635,0.96613356898494,0.481190620657349,1.61724952686451,1.61724952686451,0.481190620657349,0.852282294162529,1.07998484380735,"ARA Werdhölzli","IAV","2022/23"
"192",2022-10-09,4.00377589427986,0,10.3719201771556,3.65563894812223,2.41008639138429,4.90119150486016,3.43869888254145,2.19544773586258,4.68195002922032,0.957360187519212,0.472589055276006,1.6103658278479,1.6103658278479,0.472589055276006,0.851612727941807,1.06310764709662,"ARA Werdhölzli","IAV","2022/23"
"193",2022-10-10,2.40162761990593,0,6.039621791709,3.62389677214163,2.37126332410728,4.87653022017597,3.256022692473,2.04522422151949,4.46682116342651,0.938098637878516,0.456184715441361,1.59080290510174,1.59080290510174,0.456184715441361,0.841355160147742,1.03484211560929,"ARA Werdhölzli","IAV","2022/23"
"194",2022-10-11,2.38932158167554,0.550712389320946,4.22793077403014,3.48852899926326,2.25027027737666,4.72678772114986,3.07846750108507,1.91969806249822,4.23723693967193,0.910478854010976,0.433017498018179,1.56236075157156,1.56236075157156,0.433017498018179,0.816185041386176,1.00477266663577,"ARA Werdhölzli","IAV","2022/23"
"195",2022-10-12,2.37701554344516,0.494167245873326,4.25986384101699,3.32603959626878,2.11208294733045,4.53999624520711,2.8436516720093,1.73457666999951,3.95272667401909,0.882572123771061,0.408079720817843,1.53696066502447,1.53696066502447,0.408079720817843,0.782449381046499,0.982694866495624,"ARA Werdhölzli","IAV","2022/23"
"196",2022-10-13,2.36470950521477,0,5.82239089820424,3.16238848024496,1.99353262360432,4.33124433688559,2.64220027779093,1.5656328826812,3.71876767290067,0.859935748451785,0.384900774840981,1.52264329659796,1.52264329659796,0.384900774840981,0.753092104671084,0.966779392232486,"ARA Werdhölzli","IAV","2022/23"
"197",2022-10-14,2.35240346698438,0,7.05848315798872,2.93860300523154,1.81875083384618,4.05845517661691,2.49587961884183,1.45489245939914,3.53686677828451,0.845505049060454,0.36553231390641,1.52327038541836,1.52327038541836,0.36553231390641,0.734777599821826,0.956232498299082,"ARA Werdhölzli","IAV","2022/23"
"198",2022-10-15,2.340097428754,0,5.22173287103369,2.73594870000868,1.65105544451724,3.82084195550012,2.41705339070584,1.42182432733213,3.41228245407955,0.85051916888746,0.357450494750672,1.55361198128543,1.55361198128543,0.357450494750672,0.738578594523284,0.962459743251635,"ARA Werdhölzli","IAV","2022/23"
"199",2022-10-16,2.32779139052361,0,6.81208185497302,2.57466100969061,1.52533247575896,3.62398954362226,2.37128784455977,1.41702726283225,3.32554842628728,0.872358844883487,0.359581849527645,1.60843420688637,1.60843420688637,0.359581849527645,0.758821493946042,0.985896195820932,"ARA Werdhölzli","IAV","2022/23"
"200",2022-10-17,2.31548535229322,0,4.97794051265978,2.47497537939157,1.47120051328224,3.4787502455009,2.32793661161311,1.41159751180727,3.24427571141896,0.900403891235859,0.366471650641728,1.67016156963329,1.67016156963329,0.366471650641728,0.786653249419289,1.01415453305243,"ARA Werdhölzli","IAV","2022/23"
"201",2022-10-18,2.30317931406284,0.640094724843225,3.96626390328245,2.41137937942982,1.44913385757987,3.37362490127977,2.30905113997518,1.42362491027234,3.19447736967802,0.926483861672167,0.373925698614827,1.72537407095646,1.72537407095646,0.373925698614827,0.810950150347437,1.0420175729969,"ARA Werdhölzli","IAV","2022/23"
"202",2022-10-19,2.29087327583245,0.377051604449858,4.20469494721504,2.35606851308836,1.43143993976953,3.28069708640718,2.32785780055608,1.44395702353058,3.21175857758159,0.951275978429171,0.382610304038356,1.77441554881264,1.77441554881264,0.382610304038356,0.827249774456422,1.07530218240192,"ARA Werdhölzli","IAV","2022/23"
"203",2022-10-20,2.27856723760206,0,4.68847565078693,2.32584012492846,1.43575450288963,3.21592574696729,2.35677316383383,1.44530139945652,3.26824492821114,0.976864322917657,0.393804202500694,1.82018430073387,1.82018430073387,0.393804202500694,0.83809841148229,1.11563023435302,"ARA Werdhölzli","IAV","2022/23"
"204",2022-10-21,2.26626119937168,0,6.09738487002016,2.33211308052833,1.45403797562272,3.21018818543394,2.41125445470151,1.46510694317009,3.35740196623294,1.00343234417655,0.407763352988132,1.86265363755721,1.86265363755721,0.407763352988132,0.853891881487378,1.15297280686573,"ARA Werdhölzli","IAV","2022/23"
"205",2022-10-22,2.25395516114129,0,4.82747193694669,2.35016308465049,1.45739428925496,3.24293188004602,2.52071779151648,1.55279151743677,3.48864406559619,1.03276365452323,0.425842204958411,1.90388098648735,1.90388098648735,0.425842204958411,0.887677317163617,1.17784999188285,"ARA Werdhölzli","IAV","2022/23"
"206",2022-10-23,2.2416491229109,0,5.92419357046862,2.39230463512974,1.4712761553267,3.31333311493279,2.66349877472198,1.68620406297877,3.64079348646519,1.06663614425521,0.449530529017799,1.94575606980972,1.94575606980972,0.449530529017799,0.93745586982882,1.1958164186816,"ARA Werdhölzli","IAV","2022/23"
"207",2022-10-24,2.22934308468052,0,4.95120416225674,2.48471003950771,1.53964408961445,3.42977598940097,2.82027479669802,1.83746412969364,3.80308546370239,1.1005243893813,0.476467099753107,1.98131082274329,1.98131082274329,0.476467099753107,0.985917871251673,1.21513090751093,"ARA Werdhölzli","IAV","2022/23"
"208",2022-10-25,2.21703704645013,0.525441694179626,3.90863239872064,2.61074861568239,1.65111440233285,3.57038282903192,3.01682421075005,2.03386621918121,3.99978220231889,1.1298613500541,0.503900461001656,2.0042262336444,2.0042262336444,0.503900461001656,1.01858573053402,1.24113696957418,"ARA Werdhölzli","IAV","2022/23"
"209",2022-10-26,2.20473100821974,0.321882710647912,4.08757930579158,2.75378968155176,1.78519609300505,3.72238327009847,3.27829217322221,2.30066478800276,4.25591955844165,1.15817507079729,0.533826500208684,2.02020059007347,2.02020059007347,0.533826500208684,1.03860185593167,1.27774828566291,"ARA Werdhölzli","IAV","2022/23"
"210",2022-10-27,2.19242496998936,0,5.04342712293727,2.93366096961432,1.96347652949821,3.90384540973042,3.58352456903427,2.58926587660028,4.57778326146827,1.18775674454836,0.567547976417493,2.03310406827804,2.03310406827804,0.567547976417493,1.05675605786065,1.31875743123606,"ARA Werdhölzli","IAV","2022/23"
"211",2022-10-28,2.18011893175897,0,6.20367519830578,3.17247576639021,2.20814045228627,4.13681108049415,3.86017126401392,2.82779125460413,4.89255127342371,1.20759843879293,0.597432029148955,2.02885628126099,2.02885628126099,0.597432029148955,1.07350844551585,1.34168843207002,"ARA Werdhölzli","IAV","2022/23"
"212",2022-10-29,2.16781289352858,0,5.29198338972668,3.45703172080994,2.48230542887471,4.43175801274517,4.15409482117274,3.08941295170843,5.21877669063704,1.21376691922927,0.619739005845966,2.00410348348525,2.00410348348525,0.619739005845966,1.08561807833519,1.34191576012336,"ARA Werdhölzli","IAV","2022/23"
"213",2022-10-30,2.1555068552982,0,7.51212383591399,3.72479021979983,2.71700621254233,4.73257422705732,4.38694711546264,3.32241335060433,5.45148088032096,1.20177180889253,0.629561602046475,1.95587621326592,1.95587621326592,0.629561602046475,1.08512057767502,1.31842304011004,"ARA Werdhölzli","IAV","2022/23"
"214",2022-10-31,4.69372225735989,1.70393305335254,7.68351146136723,4.01635962702186,2.97657155227055,5.05614770177316,4.45291202979079,3.42406633978365,5.48175771979793,1.16855352921545,0.622797938902625,1.88317944984022,1.88317944984022,0.622797938902625,1.06288112369053,1.27422593474037,"ARA Werdhölzli","IAV","2022/23"
"215",2022-11-01,4.62197174269245,2.64845486628346,6.59548861910145,4.26573181757861,3.21878229953428,5.31268133562295,4.4748188731424,3.46572501798959,5.48391272829521,1.12142669979598,0.602958210543673,1.7980853394118,1.7980853394118,0.602958210543673,1.01575915306985,1.22709424652212,"ARA Werdhölzli","IAV","2022/23"
"216",2022-11-02,5.76991732720335,3.12874795930864,8.41108669509807,4.37221277700133,3.35005382804386,5.39437172595881,4.55748149393656,3.51390568730144,5.60105730057169,1.079899272622,0.583268241301083,1.7269526538671,1.7269526538671,0.583268241301083,0.962845567765529,1.19695297747847,"ARA Werdhölzli","IAV","2022/23"
"217",2022-11-03,4.92906793239671,2.3723607210244,7.48577514376903,4.42529178496694,3.42418881835632,5.42639475157755,4.65569317608115,3.5373963543053,5.773989997857,1.0587760482998,0.574880325396661,1.6879854077451,1.6879854077451,0.574880325396661,0.930166472417785,1.18738562418181,"ARA Werdhölzli","IAV","2022/23"
"218",2022-11-04,1.66591405389151,0,5.42848653971018,4.51445812115234,3.49315654016643,5.53575970213825,4.70521454584495,3.4772662130989,5.933162878591,1.05067557491526,0.573819071057951,1.66936674350192,1.66936674350192,0.573819071057951,0.913608122130473,1.18774302770005,"ARA Werdhölzli","IAV","2022/23"
"219",2022-11-05,6.04211628439703,2.61380823975632,9.47042432903775,4.61272217182842,3.53532629448134,5.6901180491755,4.76720347410104,3.39011383206758,6.1442931161345,1.04536266320855,0.573878211035263,1.65588690057919,1.65588690057919,0.573878211035263,0.902116618277023,1.18860870814008,"ARA Werdhölzli","IAV","2022/23"
"220",2022-11-06,12.3247267322388,6.72426967183979,17.9251837926379,4.6681855016387,3.50079394281797,5.83557706045942,4.84221688774627,3.29001658619853,6.39441718929401,1.04039528117835,0.573724549098119,1.64365652566679,1.64365652566679,0.573724549098119,0.894351944763942,1.18643861759277,"ARA Werdhölzli","IAV","2022/23"
"221",2022-11-07,7.94197314917815,4.40383070880983,11.4801155895465,4.73297415781902,3.43234394640739,6.03360436923065,4.9067719974976,3.16080084589433,6.65274314910086,1.03830835660036,0.575300278117923,1.63575524827802,1.63575524827802,0.575300278117923,0.893574896827982,1.18304181637274,"ARA Werdhölzli","IAV","2022/23"
"222",2022-11-08,3.55921956611747,1.01265135256378,6.10578777967115,4.80705135287767,3.34274839864278,6.27135430711255,4.94991176624822,2.9982354238508,6.90158810864564,1.03594487732007,0.576414429109244,1.62795392031365,1.62795392031365,0.576414429109244,0.893597483329336,1.1782922713108,"ARA Werdhölzli","IAV","2022/23"
"223",2022-11-09,3.61046927263419,1.1538434964059,6.06709504886248,4.87341904418369,3.22385174102737,6.52298634734001,4.95999606606735,2.782937910997,7.1370542211377,1.02972319851718,0.574484954971419,1.61560578135905,1.61560578135905,0.574484954971419,0.888088841224308,1.17135755581005,"ARA Werdhölzli","IAV","2022/23"
"224",2022-11-10,3.66171897915091,0.988977790012826,6.334460168289,4.92318810424184,3.07445462295891,6.77192158552478,4.96234277706456,2.54674481677644,7.37794073735268,1.02106231137207,0.570364469737708,1.60082535676273,1.60082535676273,0.570364469737708,0.878519604310258,1.16360501843388,"ARA Werdhölzli","IAV","2022/23"
"225",2022-11-11,1.83085948957546,0,5.35679413129342,4.94276496385238,2.87575983009378,7.00977009761099,4.97876504672044,2.3219513426123,7.63557875082859,1.01370263440727,0.566618731372424,1.58867526598303,1.58867526598303,0.566618731372424,0.869735547362627,1.15766972145191,"ARA Werdhölzli","IAV","2022/23"
"226",2022-11-12,0,0,3.16183500329468,4.95177712498557,2.65274332139961,7.25081092857153,NA,NA,NA,NA,NA,NA,NA,NA,NA,NA,"ARA Werdhölzli","IAV","2022/23"
"227",2022-11-13,8.46659611545318,2.90885693453326,14.0243352963731,4.96985208961168,2.43401831401425,7.5056858652091,NA,NA,NA,NA,NA,NA,NA,NA,NA,NA,"ARA Werdhölzli","IAV","2022/23"
"228",2022-09-10,NA,NA,NA,NA,NA,NA,8.62717479727043,0,47.9288333980489,NA,NA,NA,NA,NA,NA,NA,"ARA Werdhölzli","IBV","2022/23"
"229",2022-09-11,NA,NA,NA,NA,NA,NA,3.72683907760192,0,15.675753788342,NA,NA,NA,NA,NA,NA,NA,"ARA Werdhölzli","IBV","2022/23"
"230",2022-09-12,2.33332027258528,0,53.04719852062,9.73999956361525,0,59.2498981746856,1.54392871127269,0,6.3199115769741,NA,NA,NA,NA,NA,NA,NA,"ARA Werdhölzli","IBV","2022/23"
"231",2022-09-13,1.74999020443896,0,21.5437055983154,5.05709206609537,0,24.2710438784247,0.938910070054931,0,3.76424448727091,NA,NA,NA,NA,NA,NA,NA,"ARA Werdhölzli","IBV","2022/23"
"232",2022-09-14,1.16666013629264,0,5.34768746790887,2.44749607460629,0,10.0190376951098,0.538341662959873,0,2.06214433281798,0.312032343549957,0.0657684041381576,0.74630850875381,0.74630850875381,0.0657684041381576,0.167287873384202,0.456776813715713,"ARA Werdhölzli","IBV","2022/23"
"233",2022-09-15,0.58333006814632,0,1.95730336499579,1.50370969482182,0,6.0268284665506,0.375582016303805,0,1.39116916589246,0.253813764562339,0.0281246979716615,0.722022023696463,0.722022023696463,0.0281246979716615,0.135521861427437,0.372105667697241,"ARA Werdhölzli","IBV","2022/23"
"234",2022-09-16,0,0,0.667304754010759,0.835662940691598,0,3.31517496666944,0.221223495584985,0,0.756022668494971,0.230114119939464,0.00930938342826724,0.792632208828172,0.792632208828172,0.00930938342826724,0.125674675594785,0.334553564284144,"ARA Werdhölzli","IBV","2022/23"
"235",2022-09-17,0,0,0.888956105440496,0.564638462842215,0,2.18383782323641,0.108983757363401,0,0.317771643956839,0.219830939453417,0.00187569523773458,0.92205088292735,0.92205088292735,0.00187569523773458,0.128337301814822,0.311324577092011,"ARA Werdhölzli","IBV","2022/23"
"236",2022-09-18,0,0,0.90728702585874,0.338853023737659,0,1.24144093266327,0.0571488786490512,0,0.139936360874736,0.192703933409772,6.06033037244049e-05,1.03995607150721,1.03995607150721,6.06033037244049e-05,0.125370949633471,0.260036917186074,"ARA Werdhölzli","IBV","2022/23"
"237",2022-09-19,0,0,0.977178032324844,0.176264466891256,0,0.574085250035692,0.0350388121927077,0,0.0835149551423989,0.168995704227181,1.07018555207065e-07,1.17873301618492,1.17873301618492,1.07018555207065e-07,0.124906556566585,0.213084851887776,"ARA Werdhölzli","IBV","2022/23"
"238",2022-09-20,0,0,2.16013807668897,0.0948306358163367,0,0.266056034807167,0.0154831765555607,0,0.0347283500007921,0.164672059888477,9.93298707453578e-12,1.40540291343093,1.40540291343093,9.93298707453578e-12,0.135053019329257,0.194291100447696,"ARA Werdhölzli","IBV","2022/23"
"239",2022-09-21,0,0,1.4926641001922,0.0592602534574306,0,0.159869567667841,0.0060002014572245,0,0.0141322374616678,0.173906002997219,2.75498227545796e-17,1.71923765647209,1.71923765647209,2.75498227545796e-17,0.147274358330297,0.200537647664141,"ARA Werdhölzli","IBV","2022/23"
"240",2022-09-22,0,0,0.686986648424734,0.0286855749282131,0,0.0698119066156418,0.00240342021045503,0,0.0104297869704694,0.185886683975997,1.44129294741592e-25,2.03655393097579,2.03655393097579,1.44129294741592e-25,0.133338639796323,0.238434728155671,"ARA Werdhölzli","IBV","2022/23"
"241",2022-09-23,0,0,0.64337919395135,0.0126997419957323,0,0.0276541508427618,0.000527984719564619,0,0.00848365889229157,0.227796003658995,4.93797190440144e-33,2.58893566191157,2.58893566191157,4.93797190440144e-33,0.126400899232444,0.329191108085545,"ARA Werdhölzli","IBV","2022/23"
"242",2022-09-24,0,0,0,0.00575452014671512,0,0.0172676969460458,0.000563326452883341,0,0.00888058013837439,0.316978303510075,6.21871961177032e-37,3.62671512362757,3.62671512362757,6.21871961177032e-37,0.161127114099601,0.47282949292055,"ARA Werdhölzli","IBV","2022/23"
"243",2022-09-25,0,0,0,0.00124796359669448,0,0.0107257235058319,0.00104184181174578,0,0.00947101754228039,0.455537872019341,5.94606583461673e-38,5.21555527953117,5.21555527953117,5.94606583461673e-38,0.255712688678451,0.655363055360231,"ARA Werdhölzli","IBV","2022/23"
"244",2022-09-26,0,0,0.686986648424734,0.000940888014077762,0,0.00991720249394056,0.00206943183419501,0,0.0107791399328453,0.642619567716953,1.7806922996934e-36,7.35163621582,7.35163621582,1.7806922996934e-36,0.43392789163112,0.851311243802785,"ARA Werdhölzli","IBV","2022/23"
"245",2022-09-27,0,0,1.66873175178316,0.00122239487162477,0,0.00988380288777186,0.00359479791375451,0,0.0131011861311534,0.841538530821794,5.25340049067966e-34,9.59690912935729,9.59690912935729,5.25340049067966e-34,0.654711299605216,1.02836576203837,"ARA Werdhölzli","IBV","2022/23"
"246",2022-09-28,0,0,1.29888644474944,0.00204748773612146,0,0.0107339331301101,0.00998679829001459,0,0.0202091356679942,1.1070300884236,1.90438651379787e-28,12.4035005165388,12.4035005165388,1.90438651379787e-28,0.944732171796744,1.26932800505046,"ARA Werdhölzli","IBV","2022/23"
"247",2022-09-29,0,0,0.760638374438083,0.00337117017435378,0,0.012607594513472,0.0229789892473102,0.0125441805670311,0.0334137979275893,1.51644606881229,1.40322853695313e-20,15.9765738837145,15.9765738837145,1.40322853695313e-20,1.37379461296141,1.65909752466317,"ARA Werdhölzli","IBV","2022/23"
"248",2022-09-30,0,0,0.760638374438083,0.00876062899270333,0,0.0186327010731817,0.0368007802417266,0.0260820131171181,0.047519547366335,1.90247694373273,2.69319655925148e-14,18.0556372740361,18.0556372740361,2.69319655925148e-14,1.7750884210255,2.02986546643997,"ARA Werdhölzli","IBV","2022/23"
"249",2022-10-01,0,0,0,0.019334258108993,0.0091609898170673,0.0295075264009186,0.0543359792340137,0.0434688843549112,0.0652030741131162,2.0745548109397,3.42391854484961e-10,17.4164431067451,17.4164431067451,3.42391854484961e-10,1.95563734076446,2.19347228111495,"ARA Werdhölzli","IBV","2022/23"
"250",2022-10-02,0,0,0.537123260663702,0.0313738717571706,0.0208650389360888,0.0418827045782524,0.0767428821985032,0.0659801504221073,0.0875056139748992,2.05012122201378,1.27133519535571e-07,15.239962960054,15.239962960054,1.27133519535571e-07,1.93508693059632,2.16515551343125,"ARA Werdhölzli","IBV","2022/23"
"251",2022-10-03,0,0,0.79194504248553,0.0472510951727192,0.0365412136769823,0.0579609766684561,0.0971323045949362,0.0861385811505809,0.108126028039292,1.93026937479522,5.22997774594747e-06,12.8509147407684,12.8509147407684,5.22997774594747e-06,1.81720013952979,2.04333861006064,"ARA Werdhölzli","IBV","2022/23"
"252",2022-10-04,0,0,2.06665793774914,0.0676365344567153,0.0569768422991628,0.0782962266142679,0.116374743831962,0.105117564808271,0.127631922855653,1.77734240005929,5.38974486632231e-05,10.7825668928459,10.7825668928459,5.38974486632231e-05,1.66788138935818,1.8868034107604,"ARA Werdhölzli","IBV","2022/23"
"253",2022-10-05,0,0,1.42769922901554,0.0872721857549203,0.0764149095005017,0.0981294620093389,0.137919456814375,0.126667497453653,0.149171416175098,1.63394474732377,0.00024868144311167,9.17772183706059,9.17772183706059,0.00024868144311167,1.53143177910515,1.73645771554239,"ARA Werdhölzli","IBV","2022/23"
"254",2022-10-06,0,0,0.64337919395135,0.106519042985564,0.0954049555525497,0.117633130418578,0.163944245288048,0.153099534428337,0.174788956147759,1.54212966644333,0.00082383793101995,8.06172147089043,8.06172147089043,0.00082383793101995,1.45372499116849,1.63053434171816,"ARA Werdhölzli","IBV","2022/23"
"255",2022-10-07,0,0,0.725829620686992,0.127535888339687,0.1163512183189,0.138720558360475,0.185581374127493,0.174736026442661,0.196426721812325,1.47398424168191,0.00204544505053966,7.22715407711953,7.22715407711953,0.00204544505053966,1.40789610299127,1.54007238037255,"ARA Werdhölzli","IBV","2022/23"
"256",2022-10-08,0.411563635133633,0,1.05494282908498,0.152481504008331,0.141627691835043,0.16333531618162,0.199250868493803,0.187740951803573,0.210760785184033,1.39519317107966,0.00371586726537829,6.50761889662477,6.50761889662477,0.00371586726537829,1.3506731781794,1.43971316397992,"ARA Werdhölzli","IBV","2022/23"
"257",2022-10-09,0.823127270267266,0,1.69156280774641,0.174454499061599,0.163632434532209,0.185276563590989,0.21428573207995,0.202326354366799,0.226245109793102,1.3130018991856,0.00541992621618897,5.90143221176995,5.90143221176995,0.00541992621618897,1.25298875728418,1.37301504108703,"ARA Werdhölzli","IBV","2022/23"
"258",2022-10-10,1.2346909054009,0.273692435400876,2.19568937540092,0.189901556909807,0.178528264623674,0.20127484919594,0.228725836159677,0.216806823848785,0.24064484847057,1.24633577935191,0.00710014556863578,5.43968757169021,5.43968757169021,0.00710014556863578,1.15571361779749,1.33695794090633,"ARA Werdhölzli","IBV","2022/23"
"259",2022-10-11,1.17295636013085,0,3.83982467645234,0.20600357125432,0.194226125692609,0.217781016816031,0.2367519003764,0.22443059424637,0.24907320650643,1.1965189917629,0.00872994866781551,5.09871806752102,5.09871806752102,0.00872994866781551,1.08757139593174,1.30546658759406,"ARA Werdhölzli","IBV","2022/23"
"260",2022-10-12,1.11122181486081,0,3.22736061590064,0.221245117264557,0.209466343323179,0.233023891205935,0.24188123634606,0.228965276241794,0.254797196450326,1.15132816214361,0.00991323629237471,4.82457366103122,4.82457366103122,0.00991323629237471,1.03580516629357,1.26685115799366,"ARA Werdhölzli","IBV","2022/23"
"261",2022-10-13,1.04948726959076,0.142200243732024,1.9567742954495,0.2308793563219,0.218737104450722,0.243021608193078,0.243857680336944,0.230736425257793,0.256978935416095,1.10575715329238,0.0103709917712957,4.59251486078383,4.59251486078383,0.0103709917712957,0.992503617269202,1.21901068931556,"ARA Werdhölzli","IBV","2022/23"
"262",2022-10-14,0.987752724320719,0.0804656984619788,1.89503975017946,0.23775593988163,0.22507808769205,0.25043379207121,0.239705964534754,0.226233932303635,0.253177996765872,1.06168278947525,0.0101211224553434,4.40189937299087,4.40189937299087,0.0101211224553434,0.955687565942263,1.16767801300823,"ARA Werdhölzli","IBV","2022/23"
"263",2022-10-15,0.926018179050674,0,1.89594880825882,0.241581446061413,0.228674214007527,0.254488678115298,0.227266076506149,0.21276120422601,0.241770948786288,1.01218902545674,0.00889068356186732,4.23278757032222,4.23278757032222,0.00889068356186732,0.909442328621105,1.11493572229237,"ARA Werdhölzli","IBV","2022/23"
"264",2022-10-16,0.864283633780629,0,1.84146166610547,0.239975037874132,0.226738066110355,0.253212009637909,0.210990035018937,0.195129168303614,0.22685090173426,0.957315687849115,0.00690640679388347,4.08396915133381,4.08396915133381,0.00690640679388347,0.849291969556587,1.06533940614164,"ARA Werdhölzli","IBV","2022/23"
"265",2022-10-17,0.802549088510584,0,1.77247971771873,0.23055587833267,0.216433557079692,0.244678199585648,0.195164275960084,0.178341001067634,0.211987550852535,0.90630385382705,0.00485012545578056,3.97882088512587,3.97882088512587,0.00485012545578056,0.791329355042474,1.02127835261163,"ARA Werdhölzli","IBV","2022/23"
"266",2022-10-18,0.740814543240539,0,3.65060643086498,0.216635003271258,0.201299176125528,0.231970830416988,0.178042443172433,0.160602108706064,0.195482777638803,0.865731682300426,0.00316253310849039,3.93279855015588,3.93279855015588,0.00316253310849039,0.751204316730835,0.980259047870017,"ARA Werdhölzli","IBV","2022/23"
"267",2022-10-19,0.679079997970494,0,2.88376169040591,0.202091388841554,0.18579234696912,0.218390430713987,0.164502860109892,0.146483391649072,0.182522328570712,0.840840469466851,0.00201219049823747,3.95580390592771,3.95580390592771,0.00201219049823747,0.735454985606568,0.946225953327134,"ARA Werdhölzli","IBV","2022/23"
"268",2022-10-20,0.617345452700449,0,1.48578099017959,0.18539610853258,0.168400681321309,0.202391535743851,0.154426972676883,0.136380392760347,0.172473552593418,0.830782738093651,0.00128878535319387,4.04041668408742,4.04041668408742,0.00128878535319387,0.740166928425172,0.921398547762131,"ARA Werdhölzli","IBV","2022/23"
"269",2022-10-21,0.555610907430404,0,1.40117682642303,0.171357736992294,0.153679457034714,0.189036016949874,0.150104491957528,0.132710883287175,0.167498100627882,0.842667389733934,0.000931286247966605,4.1990764332509,4.1990764332509,0.000931286247966605,0.767929351432112,0.917405428035756,"ARA Werdhölzli","IBV","2022/23"
"270",2022-10-22,0.493876362160359,0,1.08783514402451,0.159928341026231,0.142038540684245,0.177818141368217,0.157095173500858,0.140386598934211,0.173803748067505,0.887186835839589,0.000890292496043583,4.45053580866348,4.45053580866348,0.000890292496043583,0.816771960534934,0.957601711144243,"ARA Werdhölzli","IBV","2022/23"
"271",2022-10-23,0.432141816890314,0,1.2522925830397,0.15330619638491,0.135845881639692,0.170766511130129,0.170502152642106,0.154484234394093,0.18652007089012,0.964878695383192,0.00118947564800427,4.7712476523101,4.7712476523101,0.00118947564800427,0.876623087990042,1.05313430277634,"ARA Werdhölzli","IBV","2022/23"
"272",2022-10-24,0.37040727162027,0,1.27769429747901,0.157015162904363,0.140096562090475,0.17393376371825,0.184889406943678,0.169642113895631,0.200136699991726,1.05580142734888,0.00194705585482028,5.06873885334468,5.06873885334468,0.00194705585482028,0.941477366838621,1.17012548785913,"ARA Werdhölzli","IBV","2022/23"
"273",2022-10-25,0.308672726350225,0,3.15554717747671,0.16722992843825,0.150949533546712,0.183510323329789,0.188994352440582,0.174763080047794,0.20322562483337,1.10611123621624,0.00282492934370555,5.17676939727295,5.17676939727295,0.00282492934370555,0.980300181265693,1.2319222911668,"ARA Werdhölzli","IBV","2022/23"
"274",2022-10-26,0.24693818108018,0,1.68829991497158,0.180125180840232,0.164589864030177,0.195660497650288,0.185444776819526,0.172294937285126,0.198594616353926,1.09583573991496,0.00321971908766288,5.07039390194436,5.07039390194436,0.00321971908766288,0.975183241890989,1.21648823793894,"ARA Werdhölzli","IBV","2022/23"
"275",2022-10-27,0.185203635810135,0,1.03076955480276,0.185513997292981,0.170929451697494,0.200098542888468,0.188483414154592,0.175991568342112,0.200975259967071,1.06127439222377,0.00322159616175507,4.89721878231858,4.89721878231858,0.00322159616175507,0.948894340737294,1.17365444371024,"ARA Werdhölzli","IBV","2022/23"
"276",2022-10-28,0.12346909054009,0,0.943619856689473,0.183960701379977,0.170417559452989,0.197503843306964,0.184541781948054,0.172401554252063,0.196682009644045,1.02490490453983,0.00298775260148099,4.74527586328567,4.74527586328567,0.00298775260148099,0.921998088829578,1.12781172025008,"ARA Werdhölzli","IBV","2022/23"
"277",2022-10-29,0.0617345452700451,0,0.705113739221395,0.187766850556096,0.174959898051644,0.200573803060548,0.175580541297195,0.163908388604315,0.187252693990076,0.99404447385502,0.00264319061658559,4.63714445119754,4.63714445119754,0.00264319061658559,0.900407116754977,1.08768183095506,"ARA Werdhölzli","IBV","2022/23"
"278",2022-10-30,0,0,0.79194504248553,0.185133696761956,0.172752851385352,0.197514542138559,0.171463863504467,0.160134777994179,0.182792949014755,0.963819435023772,0.00216987073664414,4.55632745503592,4.55632745503592,0.00216987073664414,0.876931948519896,1.05070692152765,"ARA Werdhölzli","IBV","2022/23"
"279",2022-10-31,1.18279072087633,0.212860091668186,2.15272135008448,0.177630444224808,0.165745395659228,0.189515492790389,0.159947259471486,0.148940535246614,0.170953983696359,0.931670018585797,0.00161794637828811,4.49315857810673,4.49315857810673,0.00161794637828811,0.847592368641645,1.01574766852995,"ARA Werdhölzli","IBV","2022/23"
"280",2022-11-01,3.54584598136224,0.478656020704261,6.61303594202023,0.174304736692183,0.162810072945912,0.185799400438454,0.143972972534721,0.133359405188679,0.154586539880763,0.89772812121594,0.00107522715710115,4.44826967062429,4.44826967062429,0.00107522715710115,0.814418842674068,0.981037399757812,"ARA Werdhölzli","IBV","2022/23"
"281",2022-11-02,2.29787256348222,0.606277211211712,3.98946791575272,0.164312126123961,0.153155605538376,0.175468646709545,0.126984997575679,0.116867451444352,0.137102543707005,0.850152120080436,0.000552795780426314,4.38938373794266,4.38938373794266,0.000552795780426314,0.768598937590453,0.931705302570419,"ARA Werdhölzli","IBV","2022/23"
"282",2022-11-03,0,0,0.470191317430348,0.150167960723501,0.139387145304998,0.160948776142005,0.110007982794622,0.100528622221391,0.119487343367854,0.801469661819305,0.000223616180803395,4.35505912395915,4.35505912395915,0.000223616180803395,0.718525078453124,0.884414245185487,"ARA Werdhölzli","IBV","2022/23"
"283",2022-11-04,0,0,0.593958781864148,0.134387588694165,0.124068487788252,0.144706689600078,0.0920203697150898,0.0832409935519416,0.100799745878238,0.756520921390899,6.79784024069498e-05,4.36473399169975,4.36473399169975,6.79784024069498e-05,0.670083597945646,0.842958244836152,"ARA Werdhölzli","IBV","2022/23"
"284",2022-11-05,0,0,0.537123260663702,0.11816868998764,0.108441177578053,0.127896202397227,0.0725608644252337,0.0643918703728707,0.0807298584775967,0.708798541249512,1.28131684787402e-05,4.39512286846145,4.39512286846145,1.28131684787402e-05,0.618579601550102,0.799017480948921,"ARA Werdhölzli","IBV","2022/23"
"285",2022-11-06,0,0,0.79194504248553,0.101017776531833,0.0919560248662709,0.110079528197395,0.050475539649947,0.042869573504735,0.058081505795159,0.64502744141231,8.96371887207091e-07,4.39040209672868,4.39040209672868,8.96371887207091e-07,0.551089355376212,0.738965527448408,"ARA Werdhölzli","IBV","2022/23"
"286",2022-11-07,0,0,0.86843553747914,0.0829134444944284,0.074454645331269,0.0913722436575878,0.0277522763729952,0.0206354516584344,0.0348691010875559,0.556397998118594,7.57947795190227e-09,4.2872391806529,4.2872391806529,7.57947795190227e-09,0.457095917536863,0.655700078700324,"ARA Werdhölzli","IBV","2022/23"
"287",2022-11-08,0,0,1.82362435250741,0.062840260877403,0.0549560095704307,0.0707245121843752,0.0084295049189625,0.00164376918163451,0.0152152406562905,0.442984197335157,4.86371756837521e-13,4.00179568472663,4.00179568472663,4.86371756837521e-13,0.33640637496486,0.549562019705454,"ARA Werdhölzli","IBV","2022/23"
"288",2022-11-09,0,0,1.25779722418825,0.0421817016454163,0.0348250492493311,0.0495383540415016,0,0,0.00654204309746207,0.337865209025934,2.47186221001203e-21,3.56388456408253,3.56388456408253,2.47186221001203e-21,0.226367349890742,0.449363068161125,"ARA Werdhölzli","IBV","2022/23"
"289",2022-11-10,0,0,0.79194504248553,0.0210759994987123,0.0141168863851539,0.0280351126122707,0,0,0.00633244149362306,0.291017926883104,2.91597910512521e-33,3.31024055916202,3.31024055916202,2.91597910512521e-33,0.184034065997302,0.398001787768907,"ARA Werdhölzli","IBV","2022/23"
"290",2022-11-11,0,0,0,0,0,0.00666034367962888,0,0,0.00616036759403485,0.343015582845358,4.41661034870909e-40,3.92722830486054,3.92722830486054,4.41661034870909e-40,0.249994391101617,0.4360367745891,"ARA Werdhölzli","IBV","2022/23"
"291",2022-11-12,0,0,0,0,0,0.00643254464302187,NA,NA,NA,NA,NA,NA,NA,NA,NA,NA,"ARA Werdhölzli","IBV","2022/23"
"292",2022-11-13,0,0,0,0,0,0.00622881171523428,NA,NA,NA,NA,NA,NA,NA,NA,NA,NA,"ARA Werdhölzli","IBV","2022/23"
