"date","observed_incidence","CI_down_observed_incidence","CI_up_observed_incidence","smoothed_incidence","CI_down_smoothed_incidence","CI_up_smoothed_incidence","deconvolved_incidence","CI_down_deconvolved_incidence","CI_up_deconvolved_incidence","Re_estimate","CI_down_Re_estimate","CI_up_Re_estimate","Re_highHPD","Re_lowHPD","bootstrapped_CI_down_Re_estimate","bootstrapped_CI_up_Re_estimate","observation_type","influenza_type","measuring_period"
2021-10-02,NA,NA,NA,NA,NA,NA,1.44479819654465e-05,1.44479819654465e-05,1.44479819654465e-05,NA,NA,NA,NA,NA,NA,NA,"All Switzerland","ILI corrected for percent positivity","2021/22"
2021-10-03,NA,NA,NA,NA,NA,NA,1.62848990945892e-05,1.62848990945892e-05,1.62848990945892e-05,NA,NA,NA,NA,NA,NA,NA,"All Switzerland","ILI corrected for percent positivity","2021/22"
2021-10-04,NA,NA,NA,NA,NA,NA,1.67053328396674e-05,1.67053328396674e-05,1.67053328396674e-05,NA,NA,NA,NA,NA,NA,NA,"All Switzerland","ILI corrected for percent positivity","2021/22"
2021-10-05,0,0,0,1.42749172308399e-05,1.42749172308399e-05,1.42749172308399e-05,1.69159204065255e-05,1.69159204065255e-05,1.69159204065255e-05,NA,NA,NA,NA,NA,NA,NA,"All Switzerland","ILI corrected for percent positivity","2021/22"
2021-10-06,1.74360161534581e-05,1.74360161534581e-05,1.74360161534581e-05,1.60063614533934e-05,1.60063614533934e-05,1.60063614533934e-05,1.77681470597399e-05,1.77681470597399e-05,1.77681470597399e-05,NA,NA,NA,NA,NA,NA,NA,"All Switzerland","ILI corrected for percent positivity","2021/22"
2021-10-07,3.2692530287734e-05,3.2692530287734e-05,3.2692530287734e-05,1.6351015381641e-05,1.6351015381641e-05,1.6351015381641e-05,1.89280529922498e-05,1.89280529922498e-05,1.89280529922498e-05,NA,NA,NA,NA,NA,NA,NA,"All Switzerland","ILI corrected for percent positivity","2021/22"
2021-10-08,4.35900403836455e-05,4.35900403836455e-05,4.35900403836455e-05,1.66172778272983e-05,1.66172778272983e-05,1.66172778272983e-05,1.99152990503902e-05,1.99152990503902e-05,1.99152990503902e-05,NA,NA,NA,NA,NA,NA,NA,"All Switzerland","ILI corrected for percent positivity","2021/22"
2021-10-09,4.79490444220101e-05,4.79490444220101e-05,4.79490444220101e-05,1.75656795743186e-05,1.75656795743186e-05,1.75656795743186e-05,2.04242400026502e-05,2.04242400026502e-05,2.04242400026502e-05,NA,NA,NA,NA,NA,NA,NA,"All Switzerland","ILI corrected for percent positivity","2021/22"
2021-10-10,4.35900403836456e-05,4.35900403836456e-05,4.35900403836456e-05,1.88025875067096e-05,1.88025875067096e-05,1.88025875067096e-05,2.76944381978439e-05,2.76944381978439e-05,2.76944381978439e-05,NA,NA,NA,NA,NA,NA,NA,"All Switzerland","ILI corrected for percent positivity","2021/22"
2021-10-11,2.83335262493696e-05,2.83335262493696e-05,2.83335262493696e-05,1.99051545862687e-05,1.99051545862687e-05,1.99051545862687e-05,4.56373857963446e-05,4.56373857963446e-05,4.56373857963446e-05,NA,NA,NA,NA,NA,NA,NA,"All Switzerland","ILI corrected for percent positivity","2021/22"
2021-10-12,0,0,0,2.04505337747935e-05,2.04505337747935e-05,2.04505337747935e-05,6.77617563663832e-05,6.77617563663832e-05,6.77617563663832e-05,NA,NA,NA,NA,NA,NA,NA,"All Switzerland","ILI corrected for percent positivity","2021/22"
2021-10-13,0,0,0,2.72287339008562e-05,2.72287339008562e-05,2.72287339008562e-05,9.10456075693222e-05,9.10456075693222e-05,9.10456075693222e-05,NA,NA,NA,NA,NA,NA,NA,"All Switzerland","ILI corrected for percent positivity","2021/22"
2021-10-14,0,0,0,4.30174545540296e-05,4.30174545540296e-05,4.30174545540296e-05,0.000119041399985363,0.000119041399985363,0.000119041399985363,NA,NA,NA,NA,NA,NA,NA,"All Switzerland","ILI corrected for percent positivity","2021/22"
2021-10-15,0,0,0,6.13753848376124e-05,6.13753848376124e-05,6.13753848376124e-05,0.000153041565049526,0.000153041565049526,0.000153041565049526,NA,NA,NA,NA,NA,NA,NA,"All Switzerland","ILI corrected for percent positivity","2021/22"
2021-10-16,0,0,0,8.10485135640441e-05,8.10485135640441e-05,8.10485135640441e-05,0.000175536271573822,0.000175536271573822,0.000175536271573822,NA,NA,NA,NA,NA,NA,NA,"All Switzerland","ILI corrected for percent positivity","2021/22"
2021-10-17,0,0,0,0.000105684446110769,0.000105684446110769,0.000105684446110769,0.000180813762360585,0.000180813762360585,0.000180813762360585,NA,NA,NA,NA,NA,NA,NA,"All Switzerland","ILI corrected for percent positivity","2021/22"
2021-10-18,0,0,0,0.000136194296428591,0.000136194296428591,0.000136194296428591,0.00018829742303737,0.00018829742303737,0.00018829742303737,NA,NA,NA,NA,NA,NA,NA,"All Switzerland","ILI corrected for percent positivity","2021/22"
2021-10-19,0,0,0,0.000157982267305694,0.000157982267305694,0.000157982267305694,0.000201404541766469,0.000201404541766469,0.000201404541766469,NA,NA,NA,NA,NA,NA,NA,"All Switzerland","ILI corrected for percent positivity","2021/22"
2021-10-20,0.000148206137304395,0.000148206137304395,0.000148206137304395,0.000166605822559443,0.000166605822559443,0.000166605822559443,0.000209912674997022,0.000209912674997022,0.000209912674997022,NA,NA,NA,NA,NA,NA,NA,"All Switzerland","ILI corrected for percent positivity","2021/22"
2021-10-21,0.000316027792781431,0.000316027792781431,0.000316027792781431,0.000178205967684424,0.000178205967684424,0.000178205967684424,0.000212905546673859,0.000212905546673859,0.000212905546673859,NA,NA,NA,NA,NA,NA,NA,"All Switzerland","ILI corrected for percent positivity","2021/22"
2021-10-22,0.000462054428066645,0.000462054428066645,0.000462054428066645,0.000194686662191772,0.000194686662191772,0.000194686662191772,0.000212732392889451,0.000212732392889451,0.000212732392889451,NA,NA,NA,NA,NA,NA,NA,"All Switzerland","ILI corrected for percent positivity","2021/22"
2021-10-23,0.000544875504795571,0.000544875504795571,0.000544875504795571,0.000207064709457641,0.000207064709457641,0.000207064709457641,0.00031024638570497,0.00031024638570497,0.00031024638570497,NA,NA,NA,NA,NA,NA,NA,"All Switzerland","ILI corrected for percent positivity","2021/22"
2021-10-24,0.000523080484603749,0.000523080484603749,0.000523080484603749,0.000215150380774151,0.000215150380774151,0.000215150380774151,0.000553766981563563,0.000553766981563563,0.000553766981563563,NA,NA,NA,NA,NA,NA,NA,"All Switzerland","ILI corrected for percent positivity","2021/22"
2021-10-25,0.000355258829126713,0.000355258829126713,0.000355258829126713,0.000218753947433419,0.000218753947433419,0.000218753947433419,0.000852104582898762,0.000852104582898762,0.000852104582898762,NA,NA,NA,NA,NA,NA,NA,"All Switzerland","ILI corrected for percent positivity","2021/22"
2021-10-26,0,0,0,0.000316021703404252,0.000316021703404252,0.000316021703404252,0.00132908085866776,0.00132908085866776,0.00132908085866776,NA,NA,NA,NA,NA,NA,NA,"All Switzerland","ILI corrected for percent positivity","2021/22"
2021-10-27,0,0,0,0.000542667878730454,0.000542667878730454,0.000542667878730454,0.00216482229000462,0.00216482229000462,0.00216482229000462,NA,NA,NA,NA,NA,NA,NA,"All Switzerland","ILI corrected for percent positivity","2021/22"
2021-10-28,0,0,0,0.000804854648816635,0.000804854648816635,0.000804854648816635,0.00330962986241849,0.00330962986241849,0.00330962986241849,NA,NA,NA,NA,NA,NA,NA,"All Switzerland","ILI corrected for percent positivity","2021/22"
2021-10-29,0,0,0,0.00123088961329247,0.00123088961329247,0.00123088961329247,0.00465923661234062,0.00465923661234062,0.00465923661234062,NA,NA,NA,NA,NA,NA,NA,"All Switzerland","ILI corrected for percent positivity","2021/22"
2021-10-30,0,0,0,0.00196920410579093,0.00196920410579093,0.00196920410579093,0.00608661950392919,0.00608661950392919,0.00608661950392919,NA,NA,NA,NA,NA,NA,NA,"All Switzerland","ILI corrected for percent positivity","2021/22"
2021-10-31,0,0,0,0.00295614590272154,0.00295614590272154,0.00295614590272154,0.00764638225645603,0.00764638225645603,0.00764638225645603,NA,NA,NA,NA,NA,NA,NA,"All Switzerland","ILI corrected for percent positivity","2021/22"
2021-11-01,0,0,0,0.00412806278049385,0.00412806278049385,0.00412806278049385,0.00950070416582526,0.00950070416582526,0.00950070416582526,NA,NA,NA,NA,NA,NA,NA,"All Switzerland","ILI corrected for percent positivity","2021/22"
2021-11-02,0.000682693671485714,0.000682693671485714,0.000682693671485714,0.00540690348864201,0.00540690348864201,0.00540690348864201,0.01148775078529,0.01148775078529,0.01148775078529,NA,NA,NA,NA,NA,NA,NA,"All Switzerland","ILI corrected for percent positivity","2021/22"
2021-11-03,0.00312083083153073,0.00312083083153073,0.00312083083153073,0.00684232673829856,0.00684232673829856,0.00684232673829856,0.013396886930976,0.013396886930976,0.013396886930976,NA,NA,NA,NA,NA,NA,NA,"All Switzerland","ILI corrected for percent positivity","2021/22"
2021-11-04,0.00619719997234727,0.00619719997234727,0.00619719997234727,0.00856224524827064,0.00856224524827064,0.00856224524827064,0.0153323621421814,0.0153323621421814,0.0153323621421814,NA,NA,NA,NA,NA,NA,NA,"All Switzerland","ILI corrected for percent positivity","2021/22"
2021-11-05,0.00961207313974013,0.00961207313974013,0.00961207313974013,0.010419796187564,0.010419796187564,0.010419796187564,0.0174412095286512,0.0174412095286512,0.0174412095286512,NA,NA,NA,NA,NA,NA,NA,"All Switzerland","ILI corrected for percent positivity","2021/22"
2021-11-06,0.0130657223795142,0.0130657223795142,0.0130657223795142,0.0122481333443635,0.0122481333443635,0.0122481333443635,0.0201563295449395,0.0201563295449395,0.0201563295449395,NA,NA,NA,NA,NA,NA,NA,"All Switzerland","ILI corrected for percent positivity","2021/22"
2021-11-07,0.0162584197374742,0.0162584197374742,0.0162584197374742,0.0141451943662446,0.0141451943662446,0.0141451943662446,0.0234878777587937,0.0234878777587937,0.0234878777587937,NA,NA,NA,NA,NA,NA,NA,"All Switzerland","ILI corrected for percent positivity","2021/22"
2021-11-08,0.018890437259425,0.018890437259425,0.018890437259425,0.016208916900783,0.016208916900783,0.016208916900783,0.026925187630004,0.026925187630004,0.026925187630004,NA,NA,NA,NA,NA,NA,NA,"All Switzerland","ILI corrected for percent positivity","2021/22"
2021-11-09,0.0206620469911714,0.0206620469911714,0.0206620469911714,0.0188030813625039,0.0188030813625039,0.0188030813625039,0.031108744836105,0.031108744836105,0.031108744836105,NA,NA,NA,NA,NA,NA,NA,"All Switzerland","ILI corrected for percent positivity","2021/22"
2021-11-10,0.0214315042974772,0.0214315042974772,0.0214315042974772,0.021929663459868,0.021929663459868,0.021929663459868,0.0366086836727174,0.0366086836727174,0.0366086836727174,NA,NA,NA,NA,NA,NA,NA,"All Switzerland","ILI corrected for percent positivity","2021/22"
2021-11-11,0.0216889978189415,0.0216889978189415,0.0216889978189415,0.0251438937813534,0.0251438937813534,0.0251438937813534,0.0427346852358881,0.0427346852358881,0.0427346852358881,NA,NA,NA,NA,NA,NA,NA,"All Switzerland","ILI corrected for percent positivity","2021/22"
2021-11-12,0.0220826995151223,0.0220826995151223,0.0220826995151223,0.0290535634841015,0.0290535634841015,0.0290535634841015,0.049238876316371,0.049238876316371,0.049238876316371,NA,NA,NA,NA,NA,NA,NA,"All Switzerland","ILI corrected for percent positivity","2021/22"
2021-11-13,0.0232607813455776,0.0232607813455776,0.0232607813455776,0.034138580965561,0.034138580965561,0.034138580965561,0.05657784494839,0.05657784494839,0.05657784494839,NA,NA,NA,NA,NA,NA,NA,"All Switzerland","ILI corrected for percent positivity","2021/22"
2021-11-14,0.0258714152698656,0.0258714152698656,0.0258714152698656,0.0397623526746709,0.0397623526746709,0.0397623526746709,0.0650390356569967,0.0650390356569967,0.0650390356569967,NA,NA,NA,NA,NA,NA,NA,"All Switzerland","ILI corrected for percent positivity","2021/22"
2021-11-15,0.0305627732475442,0.0305627732475442,0.0305627732475442,0.0457800963608751,0.0457800963608751,0.0457800963608751,0.073571744897387,0.073571744897387,0.073571744897387,NA,NA,NA,NA,NA,NA,NA,"All Switzerland","ILI corrected for percent positivity","2021/22"
2021-11-16,0.0379830272381714,0.0379830272381714,0.0379830272381714,0.0526247338768081,0.0526247338768081,0.0526247338768081,0.0812622499632098,0.0812622499632098,0.0812622499632098,NA,NA,NA,NA,NA,NA,NA,"All Switzerland","ILI corrected for percent positivity","2021/22"
2021-11-17,0.0484948075499172,0.0484948075499172,0.0484948075499172,0.0605262278261956,0.0605262278261956,0.0605262278261956,0.0886640270185966,0.0886640270185966,0.0886640270185966,NA,NA,NA,NA,NA,NA,NA,"All Switzerland","ILI corrected for percent positivity","2021/22"
2021-11-18,0.0613185778853987,0.0613185778853987,0.0613185778853987,0.0685678280134197,0.0685678280134197,0.0685678280134197,0.0964282709095377,0.0964282709095377,0.0964282709095377,NA,NA,NA,NA,NA,NA,NA,"All Switzerland","ILI corrected for percent positivity","2021/22"
2021-11-19,0.075389260295845,0.075389260295845,0.075389260295845,0.076012091282161,0.076012091282161,0.076012091282161,0.10356396838685,0.10356396838685,0.10356396838685,NA,NA,NA,NA,NA,NA,NA,"All Switzerland","ILI corrected for percent positivity","2021/22"
2021-11-20,0.0896417768324849,0.0896417768324849,0.0896417768324849,0.083357940795093,0.083357940795093,0.083357940795093,0.108962587815965,0.108962587815965,0.108962587815965,NA,NA,NA,NA,NA,NA,NA,"All Switzerland","ILI corrected for percent positivity","2021/22"
2021-11-21,0.103011049546548,0.103011049546548,0.103011049546548,0.0911042997148893,0.0911042997148893,0.0911042997148893,0.113140187862346,0.113140187862346,0.113140187862346,NA,NA,NA,NA,NA,NA,NA,"All Switzerland","ILI corrected for percent positivity","2021/22"
2021-11-22,0.114432000489262,0.114432000489262,0.114432000489262,0.0983190362903626,0.0983190362903626,0.0983190362903626,0.116658088197721,0.116658088197721,0.116658088197721,NA,NA,NA,NA,NA,NA,NA,"All Switzerland","ILI corrected for percent positivity","2021/22"
2021-11-23,0.122839551711857,0.122839551711857,0.122839551711857,0.10405506124144,0.10405506124144,0.10405506124144,0.119438759505025,0.119438759505025,0.119438759505025,NA,NA,NA,NA,NA,NA,NA,"All Switzerland","ILI corrected for percent positivity","2021/22"
2021-11-24,0.127482384528507,0.127482384528507,0.127482384528507,0.108788861437467,0.108788861437467,0.108788861437467,0.121105003992968,0.121105003992968,0.121105003992968,NA,NA,NA,NA,NA,NA,NA,"All Switzerland","ILI corrected for percent positivity","2021/22"
2021-11-25,0.128864217305164,0.128864217305164,0.128864217305164,0.112919713536449,0.112919713536449,0.112919713536449,0.121311479655974,0.121311479655974,0.121311479655974,NA,NA,NA,NA,NA,NA,NA,"All Switzerland","ILI corrected for percent positivity","2021/22"
2021-11-26,0.127802527670728,0.127802527670728,0.127802527670728,0.116306145128156,0.116306145128156,0.116306145128156,0.121042056622767,0.121042056622767,0.121042056622767,NA,NA,NA,NA,NA,NA,NA,"All Switzerland","ILI corrected for percent positivity","2021/22"
2021-11-27,0.125114793254095,0.125114793254095,0.125114793254095,0.118613519479575,0.118613519479575,0.118613519479575,0.121097868335306,0.121097868335306,0.121097868335306,NA,NA,NA,NA,NA,NA,NA,"All Switzerland","ILI corrected for percent positivity","2021/22"
2021-11-28,0.121618491684164,0.121618491684164,0.121618491684164,0.119507199857692,0.119507199857692,0.119507199857692,0.120850224221366,0.120850224221366,0.120850224221366,NA,NA,NA,NA,NA,NA,NA,"All Switzerland","ILI corrected for percent positivity","2021/22"
2021-11-29,0.118131100589833,0.118131100589833,0.118131100589833,0.119868322347,0.119868322347,0.119868322347,0.12042955182761,0.12042955182761,0.12042955182761,NA,NA,NA,NA,NA,NA,NA,"All Switzerland","ILI corrected for percent positivity","2021/22"
2021-11-30,0.1154700976,0.1154700976,0.1154700976,0.12038759888828,0.12038759888828,0.12038759888828,0.120489564476446,0.120489564476446,0.120489564476446,NA,NA,NA,NA,NA,NA,NA,"All Switzerland","ILI corrected for percent positivity","2021/22"
2021-12-01,0.114259682739044,0.114259682739044,0.114259682739044,0.120444756532952,0.120444756532952,0.120444756532952,0.121117487139485,0.121117487139485,0.121117487139485,NA,NA,NA,NA,NA,NA,NA,"All Switzerland","ILI corrected for percent positivity","2021/22"
2021-12-02,0.114350945613266,0.114350945613266,0.114350945613266,0.120230954816705,0.120230954816705,0.120230954816705,0.1223534457462,0.1223534457462,0.1223534457462,NA,NA,NA,NA,NA,NA,NA,"All Switzerland","ILI corrected for percent positivity","2021/22"
2021-12-03,0.115401698224448,0.115401698224448,0.115401698224448,0.120384670152858,0.120384670152858,0.120384670152858,0.124672718203671,0.124672718203671,0.124672718203671,NA,NA,NA,NA,NA,NA,NA,"All Switzerland","ILI corrected for percent positivity","2021/22"
2021-12-04,0.117069752574374,0.117069752574374,0.117069752574374,0.120956604909276,0.120956604909276,0.120956604909276,0.128242890899562,0.128242890899562,0.128242890899562,NA,NA,NA,NA,NA,NA,NA,"All Switzerland","ILI corrected for percent positivity","2021/22"
2021-12-05,0.119012920664824,0.119012920664824,0.119012920664824,0.121997461453823,0.121997461453823,0.121997461453823,0.132612192211559,0.132612192211559,0.132612192211559,NA,NA,NA,NA,NA,NA,NA,"All Switzerland","ILI corrected for percent positivity","2021/22"
2021-12-06,0.120889014497581,0.120889014497581,0.120889014497581,0.123991197995382,0.123991197995382,0.123991197995382,0.138613189465496,0.138613189465496,0.138613189465496,NA,NA,NA,NA,NA,NA,NA,"All Switzerland","ILI corrected for percent positivity","2021/22"
2021-12-07,0.122355846074429,0.122355846074429,0.122355846074429,0.127102463454586,0.127102463454586,0.127102463454586,0.146825895978641,0.146825895978641,0.146825895978641,NA,NA,NA,NA,NA,NA,NA,"All Switzerland","ILI corrected for percent positivity","2021/22"
2021-12-08,0.123276257304803,0.123276257304803,0.123276257304803,0.130902996266927,0.130902996266927,0.130902996266927,0.156319636561988,0.156319636561988,0.156319636561988,NA,NA,NA,NA,NA,NA,NA,"All Switzerland","ILI corrected for percent positivity","2021/22"
2021-12-09,0.124333209728761,0.124333209728761,0.124333209728761,0.13621498306171,0.13621498306171,0.13621498306171,0.166766290088366,0.166766290088366,0.166766290088366,NA,NA,NA,NA,NA,NA,NA,"All Switzerland","ILI corrected for percent positivity","2021/22"
2021-12-10,0.126414694794018,0.126414694794018,0.126414694794018,0.143567856577731,0.143567856577731,0.143567856577731,0.178708198685731,0.178708198685731,0.178708198685731,NA,NA,NA,NA,NA,NA,NA,"All Switzerland","ILI corrected for percent positivity","2021/22"
2021-12-11,0.130408703948286,0.130408703948286,0.130408703948286,0.152094224414713,0.152094224414713,0.152094224414713,0.192421398878041,0.192421398878041,0.192421398878041,NA,NA,NA,NA,NA,NA,NA,"All Switzerland","ILI corrected for percent positivity","2021/22"
2021-12-12,0.137203228639278,0.137203228639278,0.137203228639278,0.161583398294078,0.161583398294078,0.161583398294078,0.20598717632561,0.20598717632561,0.20598717632561,NA,NA,NA,NA,NA,NA,NA,"All Switzerland","ILI corrected for percent positivity","2021/22"
2021-12-13,0.147686260314706,0.147686260314706,0.147686260314706,0.172574559638769,0.172574559638769,0.172574559638769,0.217898677586715,0.217898677586715,0.217898677586715,NA,NA,NA,NA,NA,NA,NA,"All Switzerland","ILI corrected for percent positivity","2021/22"
2021-12-14,0.162745790422286,0.162745790422286,0.162745790422286,0.185325120600792,0.185325120600792,0.185325120600792,0.229171367986506,0.229171367986506,0.229171367986506,NA,NA,NA,NA,NA,NA,NA,"All Switzerland","ILI corrected for percent positivity","2021/22"
2021-12-15,0.182763163339573,0.182763163339573,0.182763163339573,0.198121318449876,0.198121318449876,0.198121318449876,0.24096519857202,0.24096519857202,0.24096519857202,NA,NA,NA,NA,NA,NA,NA,"All Switzerland","ILI corrected for percent positivity","2021/22"
2021-12-16,0.206093135163501,0.206093135163501,0.206093135163501,0.209692732127479,0.209692732127479,0.209692732127479,0.251637725861643,0.251637725861643,0.251637725861643,NA,NA,NA,NA,NA,NA,NA,"All Switzerland","ILI corrected for percent positivity","2021/22"
2021-12-17,0.230583814920849,0.230583814920849,0.230583814920849,0.220961786293201,0.220961786293201,0.220961786293201,0.259341133543598,0.259341133543598,0.259341133543598,NA,NA,NA,NA,NA,NA,NA,"All Switzerland","ILI corrected for percent positivity","2021/22"
2021-12-18,0.254083311638394,0.254083311638394,0.254083311638394,0.232850905606639,0.232850905606639,0.232850905606639,0.26502782814599,0.26502782814599,0.26502782814599,NA,NA,NA,NA,NA,NA,NA,"All Switzerland","ILI corrected for percent positivity","2021/22"
2021-12-19,0.274439734342916,0.274439734342916,0.274439734342916,0.243781144815168,0.243781144815168,0.243781144815168,0.271231478190491,0.271188567591082,0.2712743887899,NA,NA,NA,NA,NA,NA,NA,"All Switzerland","ILI corrected for percent positivity","2021/22"
2021-12-20,0.289501192061192,0.289501192061192,0.289501192061192,0.252122421720697,0.252122421720697,0.252122421720697,0.27797380491135,0.277763256166842,0.278184353655859,NA,NA,NA,NA,NA,NA,NA,"All Switzerland","ILI corrected for percent positivity","2021/22"
2021-12-21,0.29711579382,0.29711579382,0.29711579382,0.258720455564631,0.258720455564631,0.258720455564631,0.282521489245737,0.282007288195089,0.283035690296386,NA,NA,NA,NA,NA,NA,NA,"All Switzerland","ILI corrected for percent positivity","2021/22"
2021-12-22,0.29599712230729,0.29599712230729,0.29599712230729,0.26572915804089,0.265629506967176,0.265828809114603,0.288239658767797,0.283298314438156,0.293181003097438,NA,NA,NA,NA,NA,NA,NA,"All Switzerland","ILI corrected for percent positivity","2021/22"
2021-12-23,0.2883206548557,0.2883206548557,0.2883206548557,0.273014707281959,0.272647349508348,0.273382065055569,0.298249199098494,0.280064964530628,0.316433433666359,NA,NA,NA,NA,NA,NA,NA,"All Switzerland","ILI corrected for percent positivity","2021/22"
2021-12-24,0.277127342459038,0.277127342459038,0.277127342459038,0.277991222187089,0.277234971869264,0.278747472504915,0.309173762774274,0.272945758479287,0.345401767069262,NA,NA,NA,NA,NA,NA,NA,"All Switzerland","ILI corrected for percent positivity","2021/22"
2021-12-25,0.265458136111114,0.265458136111114,0.265458136111114,0.283929578293281,0.277918082255607,0.289941074330954,0.321283492829966,0.264840848314536,0.377726137345397,NA,NA,NA,NA,NA,NA,NA,"All Switzerland","ILI corrected for percent positivity","2021/22"
2021-12-26,0.256353986805736,0.256353986805736,0.256353986805736,0.293628676106526,0.275419147553136,0.311838204659916,0.337599165171517,0.256694296301033,0.418504034042001,NA,NA,NA,NA,NA,NA,NA,"All Switzerland","ILI corrected for percent positivity","2021/22"
2021-12-27,0.252855845536714,0.252855845536714,0.252855845536714,0.303794671979567,0.271046560249831,0.336542783709302,0.358523658595536,0.249077002730166,0.467970314460905,NA,NA,NA,NA,NA,NA,NA,"All Switzerland","ILI corrected for percent positivity","2021/22"
2021-12-28,0.258004663297857,0.258004663297857,0.258004663297857,0.314969244788485,0.266236770652228,0.363701718924741,0.384088990705127,0.242189074596796,0.525988906813457,NA,NA,NA,NA,NA,NA,NA,"All Switzerland","ILI corrected for percent positivity","2021/22"
2021-12-29,0.273966364435332,0.273966364435332,0.273966364435332,0.330011833916802,0.260817787281877,0.399205880551728,0.411490030871241,0.2508280401106,0.572152021631881,NA,NA,NA,NA,NA,NA,NA,"All Switzerland","ILI corrected for percent positivity","2021/22"
2021-12-30,0.299406766704738,0.299406766704738,0.299406766704738,0.349105236478419,0.254755525014858,0.44345494794198,0.439680458016436,0.2785685017746,0.600792414258273,NA,NA,NA,NA,NA,NA,NA,"All Switzerland","ILI corrected for percent positivity","2021/22"
2021-12-31,0.332116661214035,0.332116661214035,0.332116661214035,0.372432249587235,0.249348449065356,0.495516050109114,0.471433176147429,0.309026608374298,0.63383974392056,NA,NA,NA,NA,NA,NA,NA,"All Switzerland","ILI corrected for percent positivity","2021/22"
2022-01-01,0.36988683907118,0.36988683907118,0.36988683907118,0.397619988300476,0.256514078629334,0.538725897971618,0.505148842268045,0.337387207931487,0.672910476604603,NA,NA,NA,NA,NA,NA,NA,"All Switzerland","ILI corrected for percent positivity","2021/22"
2022-01-02,0.410508091384131,0.410508091384131,0.410508091384131,0.423907639552502,0.278431177222158,0.569384101882847,0.537955565529151,0.372616363849131,0.703294767209171,NA,NA,NA,NA,NA,NA,NA,"All Switzerland","ILI corrected for percent positivity","2021/22"
2022-01-03,0.451771209260847,0,1.07529367658653,0.453896108272918,0.302070548998358,0.605721667547477,0.571030151064744,0.417854289784884,0.724206012344603,NA,NA,NA,NA,NA,NA,NA,"All Switzerland","ILI corrected for percent positivity","2021/22"
2022-01-04,0.491466983809286,0,1.34325963657883,0.485932872989146,0.325609947748679,0.646255798229613,0.604578295332411,0.461229519444231,0.747927071220591,NA,NA,NA,NA,NA,NA,NA,"All Switzerland","ILI corrected for percent positivity","2021/22"
2022-01-05,0.527864395899728,0,1.38188646268813,0.517461518700081,0.357116013342589,0.677807024057572,0.637490405864868,0.500633432002387,0.77434737972735,NA,NA,NA,NA,NA,NA,NA,"All Switzerland","ILI corrected for percent positivity","2021/22"
2022-01-06,0.561145185451748,0,1.12819297041026,0.549727110042529,0.398039298245541,0.701414921839517,0.669225140824611,0.553495066006194,0.784955215643027,1.15093813736312,NA,NA,3.236361473862,0.134025249619681,NA,NA,"All Switzerland","ILI corrected for percent positivity","2021/22"
2022-01-07,0.59196928214724,0.59196928214724,0.59196928214724,0.58274727956822,0.437747111463281,0.727747447673159,0.700678599370156,0.618299774636524,0.783057424103788,1.14134595538074,NA,NA,3.1516858254653,0.143347352640859,NA,NA,"All Switzerland","ILI corrected for percent positivity","2021/22"
2022-01-08,0.620996615668102,0.620996615668102,0.620996615668102,0.615378144017765,0.474970950048025,0.755785337987505,0.732917169997077,0.679007231990281,0.786827108003873,1.13274481295855,NA,NA,3.07519193519601,0.152364473040742,NA,NA,"All Switzerland","ILI corrected for percent positivity","2021/22"
2022-01-09,0.648887115696227,0.648887115696227,0.648887115696227,0.647122494311301,0.524871111954167,0.769373876668435,0.765643253077506,0.732019803817278,0.799266702337735,1.12604235623247,NA,NA,3.00770383161878,0.161400582853547,NA,NA,"All Switzerland","ILI corrected for percent positivity","2021/22"
2022-01-10,0.676300711913514,0.676300711913514,0.676300711913514,0.67872984825005,0.585367811468155,0.772091885031946,0.798452762547017,0.778594773964606,0.818310751129428,1.12086355979879,NA,NA,2.94747158916663,0.170472357188651,NA,NA,"All Switzerland","ILI corrected for percent positivity","2021/22"
2022-01-11,0.703897334001857,0.703897334001857,0.703897334001857,0.711044225987961,0.643016275939508,0.779072176036414,0.832620865584894,0.824853146130351,0.840388585039437,1.11687371508138,NA,NA,2.89293525880558,0.179608605368629,NA,NA,"All Switzerland","ILI corrected for percent positivity","2021/22"
2022-01-12,0.732274322036804,0.732274322036804,0.732274322036804,0.743710171974256,0.696202331263722,0.79121801268479,0.869224640653643,0.864046043384873,0.874403237922414,1.11446447777348,NA,NA,2.84400348630088,0.189074880235476,NA,NA,"All Switzerland","ILI corrected for percent positivity","2021/22"
2022-01-13,0.761778657668506,0.761778657668506,0.761778657668506,0.776372230658159,0.744638589205276,0.808105872111042,0.9074986572285,0.900309058710908,0.914688255746092,1.11367626267664,0.199036822833134,2.80000856015676,2.80000856015676,0.199036822833134,1.11328156389798,1.1140709614553,"All Switzerland","ILI corrected for percent positivity","2021/22"
2022-01-14,0.792694732940765,0.792694732940765,0.792694732940765,0.810230232581079,0.792614377838121,0.827846087324037,0.94812273430595,0.940496186201439,0.95574928241046,1.11412220478261,0.209514810168606,2.75957910350158,2.75957910350158,0.209514810168606,1.10913006057689,1.11911434898833,"All Switzerland","ILI corrected for percent positivity","2021/22"
2022-01-15,0.825306939897384,0.825306939897384,0.825306939897384,0.846222241382688,0.84041091135116,0.852033571414217,0.992206475191054,0.972957863147904,1.0114550872342,1.11548215232209,0.220523267844444,2.72162587487433,2.72162587487433,0.220523267844444,1.10710290736528,1.12386139727889,"All Switzerland","ILI corrected for percent positivity","2021/22"
2022-01-16,0.859899670582166,0.859899670582166,0.859899670582166,0.883600151159603,0.882589480661285,0.884610821657921,1.0394833840825,1.00155746952858,1.07740929863642,1.11771766964633,0.232156029115993,2.68569570793354,2.68569570793354,0.232156029115993,1.09990909481038,1.13552624448227,"All Switzerland","ILI corrected for percent positivity","2021/22"
2022-01-17,0.896757317038913,0.896757317038913,0.896757317038913,0.923088922817807,0.918299741916618,0.927878103718996,1.08956966216116,1.02942076428369,1.14971856003862,1.12038868598086,0.244318051585031,2.65078429561193,2.65078429561193,0.244318051585031,1.09069252979602,1.15008484216571,"All Switzerland","ILI corrected for percent positivity","2021/22"
2022-01-18,0.936164271311428,0.936164271311428,0.936164271311428,0.965741865051742,0.949892976632423,0.981590753471062,1.1423043586418,1.05800778829165,1.22660092899194,1.12272495658518,0.256718961644755,2.61551131951947,2.61551131951947,0.256718961644755,1.08257637520044,1.16287353796991,"All Switzerland","ILI corrected for percent positivity","2021/22"
2022-01-19,0.978424662890316,0.978424662890316,0.978424662890316,1.01130339364071,0.979313195046997,1.04329359223443,1.19795039123087,1.08430878965925,1.3115919928025,1.12447164163035,0.269210143670533,2.57955958451341,2.57955958451341,0.269210143670533,1.0755443530567,1.173398930204,"All Switzerland","ILI corrected for percent positivity","2021/22"
2022-01-20,1.02392157105339,1.02392157105339,1.02392157105339,1.05951792436403,1.00807038617231,1.11096546255574,1.25670545356588,1.10712722865164,1.40628367848012,1.12577835440947,0.281780847034512,2.54337623268839,2.54337623268839,0.281780847034512,1.06765630345318,1.18390040536577,"All Switzerland","ILI corrected for percent positivity","2021/22"
2022-01-21,1.07305781252527,1.07305781252527,1.07305781252527,1.11031918769195,1.03739323920873,1.18324513617516,1.31574926519582,1.13688594798987,1.49461258240176,1.12599559906923,0.294034610101643,2.50615622151746,2.50615622151746,0.294034610101643,1.06203391853819,1.18995727960027,"All Switzerland","ILI corrected for percent positivity","2021/22"
2022-01-22,1.12623620403057,1.12623620403057,1.12623620403057,1.16398874315665,1.06464381002285,1.26333367629045,1.3728585185007,1.17786661349829,1.56785042350312,1.12405099533052,0.305299764033855,2.46656313810128,2.46656313810128,0.305299764033855,1.06316132681655,1.18494066384449,"All Switzerland","ILI corrected for percent positivity","2021/22"
2022-01-23,1.1838595622939,1.1838595622939,1.1838595622939,1.22079275013031,1.08846098035672,1.35312451990391,1.42926880731064,1.2218381283417,1.63669948627958,1.11979898618747,0.31524727700474,2.42492606652379,2.42492606652379,0.31524727700474,1.06794117502124,1.17165679735369,"All Switzerland","ILI corrected for percent positivity","2021/22"
2022-01-24,1.24633070403989,1.24633070403989,1.24633070403989,1.27820977158606,1.11810941192847,1.43831013124365,1.48630143252232,1.26110587136172,1.71149699368293,1.11452552045287,0.3242553806419,2.38377246263499,2.38377246263499,0.3242553806419,1.06737235391458,1.16167868699116,"All Switzerland","ILI corrected for percent positivity","2021/22"
2022-01-25,1.31405244599314,1.31405244599314,1.31405244599314,1.33431740206028,1.15731243157235,1.51132237254822,1.53763178792821,1.29788849032375,1.77737508553267,1.10812056135336,0.332091641422107,2.34324179991567,2.34324179991567,0.332091641422107,1.06362371715285,1.15261740555388,"All Switzerland","ILI corrected for percent positivity","2021/22"
2022-01-26,1.38678077508362,0.860647726779221,1.91291382338801,1.39028034827006,1.19903774013151,1.58152295640861,1.57926471587698,1.3393925332428,1.81913689851115,1.09915001498466,0.337857760536393,2.30137657231056,2.30137657231056,0.337857760536393,1.06354762781196,1.13475240215736,"All Switzerland","ILI corrected for percent positivity","2021/22"
2022-01-27,1.46168435906258,0.789158255489774,2.13421046263538,1.44726331693246,1.23712691931498,1.65739971454994,1.61627683313132,1.38527586261791,1.84727780364473,1.08772140637063,0.341374533365056,2.25874636772538,2.25874636772538,0.341374533365056,1.06192614068634,1.11351667205493,"All Switzerland","ILI corrected for percent positivity","2021/22"
2022-01-28,1.53528503588662,0.594713465366019,2.47585660640723,1.49938242143918,1.27334520650317,1.72541963637519,1.64620653624074,1.42082441136206,1.87158866111942,1.07506019777641,0.343056641403328,2.21762427925354,2.21762427925354,0.343056641403328,1.04738695499305,1.10273344055978,"All Switzerland","ILI corrected for percent positivity","2021/22"
2022-01-29,1.60410464351236,0.773479384144759,2.43472990287996,1.54315385807425,1.31393289904877,1.77237481709974,1.66422618915481,1.44192789998265,1.88652447832698,1.0617528596211,0.34309158949316,2.17907370763878,2.17907370763878,0.34309158949316,1.0259253567824,1.09758036245979,"All Switzerland","ILI corrected for percent positivity","2021/22"
2022-01-30,1.66466501989639,1.22906422774239,2.10026581205038,1.58334245789329,1.35895690291594,1.80772801287063,1.67243506504016,1.46018772568791,1.88468240439242,1.04735416881322,0.341188993859114,2.14244916720854,2.14244916720854,0.341188993859114,1.00222511536347,1.09248322226297,"All Switzerland","ILI corrected for percent positivity","2021/22"
2022-01-31,1.71348800299531,1.27005780208145,2.15691820390916,1.61713914678095,1.39518914744151,1.83908914612039,1.67290676309365,1.46716460684693,1.87864891934037,1.03236655839876,0.337584248927633,2.10851962006589,2.10851962006589,0.337584248927633,0.977520407557421,1.0872127092401,"All Switzerland","ILI corrected for percent positivity","2021/22"
2022-02-01,1.74709543076571,1.29600581352459,2.19818504800683,1.6399255080949,1.41956546437857,1.86028555181122,1.66457292970386,1.44911797096978,1.88002788843795,1.01789920892158,0.332869733695086,2.07892960227837,2.07892960227837,0.332869733695086,0.955090420602911,1.08070799724025,"All Switzerland","ILI corrected for percent positivity","2021/22"
2022-02-02,1.76294576732735,1.2970139456925,2.22887758896221,1.65375235910019,1.44357414063699,1.86393057756339,1.6452091463598,1.40724337930508,1.88317491341452,1.00369293300432,0.326957439967836,2.05315792218604,2.05315792218604,0.326957439967836,0.934844161564394,1.07254170444424,"All Switzerland","ILI corrected for percent positivity","2021/22"
2022-02-03,1.76224398145252,1.76224398145252,1.76224398145252,1.66018744926395,1.45876447188367,1.86161042664422,1.62012998799363,1.3586499890057,1.88160998698157,0.989944314974663,0.32003665879429,2.03131390276452,2.03131390276452,0.32003665879429,0.91684292622566,1.06304570372367,"All Switzerland","ILI corrected for percent positivity","2021/22"
2022-02-04,1.74713166807665,1.74713166807665,1.74713166807665,1.65789363908817,1.45148143890868,1.86430583926766,1.59492437176525,1.31586128748981,1.8739874560407,0.978129782637174,0.312991330269229,2.01542427084026,2.01542427084026,0.312991330269229,0.903558668471342,1.05270089680301,"All Switzerland","ILI corrected for percent positivity","2021/22"
2022-02-05,1.71975042213517,1.71975042213517,1.71975042213517,1.64456441239025,1.42181057415875,1.86731825062176,1.56755835469716,1.26908103564371,1.86603567375062,0.969352249280055,0.306562002158671,2.00679378304593,2.00679378304593,0.306562002158671,0.896434192004646,1.04227030655546,"All Switzerland","ILI corrected for percent positivity","2021/22"
2022-02-06,1.68224183856352,1.27986024638374,2.08462343074329,1.62506407636013,1.3831407191329,1.86698743358736,1.53570722045647,1.20885379759732,1.86256064331561,0.962721183895774,0.300486661083657,2.00355583337213,2.00355583337213,0.300486661083657,0.891469336556305,1.03397303123524,"All Switzerland","ILI corrected for percent positivity","2021/22"
2022-02-07,1.63674751229713,1.23436592011735,2.0391291044769,1.60435916579766,1.34657360355393,1.86214472804139,1.50892245202307,1.1594127009757,1.85843220307045,0.958244303337243,0.294980072845033,2.00518786815998,2.00518786815998,0.294980072845033,0.888529748836066,1.02795885783842,"All Switzerland","ILI corrected for percent positivity","2021/22"
2022-02-08,1.58540903827143,0.966683111858946,2.20413496468391,1.58029650593511,1.3037114546679,1.85688155720233,1.49390402245983,1.14089488310204,1.84691316181761,0.958010231387246,0.291327375224473,2.01433515107417,2.01433515107417,0.291327375224473,0.894553140409792,1.0214673223647,"All Switzerland","ILI corrected for percent positivity","2021/22"
2022-02-09,1.53070445090897,0.845893594762924,2.21551530705502,1.55072292200477,1.24594129211617,1.85550455189337,1.48367237232729,1.13497201938265,1.83237272527192,0.962809042077832,0.290208739157474,2.03142030350226,2.03142030350226,0.290208739157474,0.909718023038429,1.01590006111723,"All Switzerland","ILI corrected for percent positivity","2021/22"
2022-02-10,1.47645754258073,0.570701529563038,2.38221355559841,1.52489096203465,1.19595438769772,1.85382753637158,1.48134956249942,1.13508720974648,1.82761191525236,0.971617293318408,0.291472900655139,2.05379849605551,2.05379849605551,0.291472900655139,0.924764411731549,1.01847017490527,"All Switzerland","ILI corrected for percent positivity","2021/22"
2022-02-11,1.42682854514478,0.456668094873822,2.39698899541574,1.50894553058186,1.17281945159593,1.84507160956778,1.49470551879971,1.1566589519463,1.83275208565311,0.983777050408804,0.295161731133745,2.07938952081974,2.07938952081974,0.295161731133745,0.93663570046409,1.03091840035352,"All Switzerland","ILI corrected for percent positivity","2021/22"
2022-02-12,1.38597769045922,0.43875093399585,2.33320444692259,1.49607198767228,1.15974879547339,1.83239517987116,1.52289616564425,1.20624866275913,1.83954366852937,1.0002552472145,0.302139472550152,2.10867635070921,2.10867635070921,0.302139472550152,0.953372458666758,1.04713803576225,"All Switzerland","ILI corrected for percent positivity","2021/22"
2022-02-13,1.35806521038213,0.4996554916062,2.21647492915807,1.48998905558513,1.15217626214632,1.82780184902395,1.56427961224816,1.28623219687549,1.84232702762084,1.02069098035225,0.312641048747956,2.14005449543276,2.14005449543276,0.312641048747956,0.974007757696384,1.06737420300811,"All Switzerland","ILI corrected for percent positivity","2021/22"
2022-02-14,1.3472513367716,0.388585516909146,2.30591715663406,1.49826861443004,1.16479974570182,1.83173748315826,1.61705760282013,1.3740104069176,1.86010479872265,1.04222831087126,0.32561352797162,2.16819740863102,2.16819740863102,0.32561352797162,0.987829485058635,1.09662713668389,"All Switzerland","ILI corrected for percent positivity","2021/22"
2022-02-15,1.35769630148571,0.439514515384309,2.27587808758712,1.51987576097846,1.20287923202307,1.83687228993385,1.68253185353847,1.46093939304059,1.90412431403635,1.06300890335618,0.340334526236066,2.18984160497922,2.18984160497922,0.340334526236066,0.998130029064525,1.12788777764784,"All Switzerland","ILI corrected for percent positivity","2021/22"
2022-02-16,1.39230199720156,0.641839955950034,2.14276403845308,1.55377559200185,1.2696647366016,1.8378864474021,1.76376880958807,1.5734126223185,1.95412499685764,1.08297891717199,0.35681206913791,2.20506571953616,2.20506571953616,0.35681206913791,1.01293662943291,1.15302120491108,"All Switzerland","ILI corrected for percent positivity","2021/22"
2022-02-17,1.44893695987222,0.855163099775497,2.04271081996895,1.59876264114663,1.34577583752295,1.8517494447703,1.85884160896348,1.70759998812522,2.01008322980174,1.1021475526185,0.37500958321067,2.21427100738716,2.21427100738716,0.37500958321067,1.03161664776392,1.17267845747308,"All Switzerland","ILI corrected for percent positivity","2021/22"
2022-02-18,1.52421138626982,1.52421138626982,1.52421138626982,1.65622083676359,1.42405855883138,1.8883831146958,1.9640243348481,1.83715960156173,2.09088906813447,1.11933643458415,0.39418642282016,2.21620300949048,2.21620300949048,0.39418642282016,1.04817632753539,1.1904965416329,"All Switzerland","ILI corrected for percent positivity","2021/22"
2022-02-19,1.61473547316644,1.61473547316644,1.61473547316644,1.72899936768078,1.52797457684006,1.93002415852151,2.07989990888156,1.96076303929801,2.19903677846512,1.13324308406573,0.413382014779747,2.20969617065907,2.20969617065907,0.413382014779747,1.06347716928707,1.20300899884438,"All Switzerland","ILI corrected for percent positivity","2021/22"
2022-02-20,1.71711941733418,1.71711941733418,1.71711941733418,1.81527494722089,1.65309660472043,1.97745328972134,2.20756528590595,2.08426238354535,2.33086818826655,1.1438733386619,0.432218356219547,2.19577345832869,2.19577345832869,0.432218356219547,1.0818812500161,1.2058654273077,"All Switzerland","ILI corrected for percent positivity","2021/22"
2022-02-21,1.82797341554514,1.82797341554514,1.82797341554514,1.91186865338098,1.77677656576425,2.04696074099772,2.34854625903486,2.21957714142934,2.47751537664038,1.15248774922521,0.451030989822226,2.17724673748053,2.17724673748053,0.451030989822226,1.1017683445877,1.20320715386272,"All Switzerland","ILI corrected for percent positivity","2021/22"
2022-02-22,1.94390766457143,1.94390766457143,1.94390766457143,2.01959622200075,1.89818874159796,2.14100370240355,2.50190323654408,2.36854030638581,2.63526616670234,1.15970011422627,0.469881756509551,2.15572141599784,2.15572141599784,0.469881756509551,1.11910467375326,1.20029555469927,"All Switzerland","ILI corrected for percent positivity","2021/22"
2022-02-23,2.06254069394947,2.06254069394947,2.06254069394947,2.13927338891987,2.01913815206873,2.259408625771,2.66502952100359,2.52297805809725,2.80708098390993,1.16519141430328,0.488346072929147,2.13125912407076,2.13125912407076,0.488346072929147,1.13253005013608,1.19785277847048,"All Switzerland","ILI corrected for percent positivity","2021/22"
2022-02-24,2.18552436427306,2.18552436427306,2.18552436427306,2.27211482403482,2.14993711172924,2.39429253634041,2.84080934928333,2.68940282563786,2.9922158729288,1.16900737817346,0.506220036922677,2.1043904303468,2.1043904303468,0.506220036922677,1.14368663874865,1.19432811759828,"All Switzerland","ILI corrected for percent positivity","2021/22"
2022-02-25,2.31551886890032,1.83533150024837,2.79570623755227,2.41722511120674,2.2927295906657,2.54172063174777,3.03214733143903,2.87692602919433,3.18736863368372,1.17187596387932,0.523746135131879,2.07653418742283,2.07653418742283,0.523746135131879,1.15350931247868,1.19024261527996,"All Switzerland","ILI corrected for percent positivity","2021/22"
2022-02-26,2.45518440118938,1.48502395091842,3.42534485146034,2.57225485722222,2.43949277619525,2.70501693824918,3.23624829308599,3.08082235181993,3.39167423435205,1.17425287697951,0.541067862209679,2.04857581745784,2.04857581745784,0.541067862209679,1.15927984712629,1.18922590683273,"All Switzerland","ILI corrected for percent positivity","2021/22"
2022-02-27,2.60718115449835,2.19618673639664,3.01817557260006,2.73992729433461,2.59725312187381,2.88260146679541,3.45297951038746,3.29774422756983,3.6082147932051,1.17596018003258,0.55797212988297,2.02041331735673,2.02041331735673,0.55797212988297,1.15984857880842,1.19207178125674,"All Switzerland","ILI corrected for percent positivity","2021/22"
2022-02-28,2.77416932218538,2.77416932218538,2.77416932218538,2.92269897772668,2.7751755047188,3.07022245073456,3.68463291341011,3.53004732808348,3.83921849873673,1.17680981243914,0.574237810793479,1.99191692423052,1.99191692423052,0.574237810793479,1.15876928896077,1.1948503359175,"All Switzerland","ILI corrected for percent positivity","2021/22"
2022-03-01,2.95880909760857,2.95880909760857,2.95880909760857,3.11782049857919,2.96902513935486,3.26661585780352,3.93158421084616,3.77647964663563,4.08668877505669,1.17712149323408,0.589980346413125,1.96364034240284,1.96364034240284,0.589980346413125,1.15729658615802,1.19694640031014,"All Switzerland","ILI corrected for percent positivity","2021/22"
2022-03-02,3.16315347727109,2.76961226407683,3.55669469046536,3.32539948763087,3.17583240066042,3.47496657460133,4.18713298307739,4.0285563354762,4.34570963067857,1.17649109132651,0.604829132102657,1.93515172421493,1.93515172421493,0.604829132102657,1.15518289773525,1.19779928491776,"All Switzerland","ILI corrected for percent positivity","2021/22"
2022-03-03,3.38682667025622,2.47470155834466,4.29895178216777,3.54762775463591,3.39804277064968,3.69721273862213,4.44604631157886,4.28428427138703,4.6078083517707,1.17400740957694,0.618030450992748,1.90538468049926,1.90538468049926,0.618030450992748,1.15266846852817,1.19534635062572,"All Switzerland","ILI corrected for percent positivity","2021/22"
2022-03-04,3.62884568879224,3.24438810467844,4.01330327290604,3.78488215929821,3.63535990929941,3.934404409297,4.71108714607678,4.54694376383334,4.87523052832022,1.16958805722567,0.629352279440736,1.87444504900215,1.87444504900215,0.629352279440736,1.14997927884038,1.18919683561096,"All Switzerland","ILI corrected for percent positivity","2021/22"
2022-03-05,3.88822754510747,3.88822754510747,3.88822754510747,4.03124193507843,3.87960105683696,4.1828828133199,4.98512232205034,4.81679758722778,5.15344705687291,1.16429211929307,0.63938764679428,1.84390112053137,1.84390112053137,0.63938764679428,1.14684365081808,1.18174058776805,"All Switzerland","ILI corrected for percent positivity","2021/22"
2022-03-06,4.16398925143021,4.16398925143021,4.16398925143021,4.28230026954914,4.12812631344614,4.43647422565213,5.24742674222774,5.06971803321195,5.42513545124353,1.15765551554593,0.647695711358187,1.81325266566683,1.81325266566683,0.647695711358187,1.14127753548687,1.17403349560499,"All Switzerland","ILI corrected for percent positivity","2021/22"
2022-03-07,4.45514781998876,3.60560855497168,5.30468708500584,4.54070495358209,4.38411116875011,4.69729873841407,5.48619167881433,5.29252646368834,5.67985689394033,1.14832243989948,0.653175286525609,1.78086139801826,1.78086139801826,0.653175286525609,1.13152669053295,1.165118189266,"All Switzerland","ILI corrected for percent positivity","2021/22"
2022-03-08,4.76072026301143,4.1669464029147,5.35449412310816,4.80910377804906,4.64853208796914,4.96967546812898,5.7185042087863,5.50195609552583,5.93505232204677,1.136785421711,0.656022169478093,1.74753956623454,1.74753956623454,0.656022169478093,1.11846650484789,1.1551043385741,"All Switzerland","ILI corrected for percent positivity","2021/22"
2022-03-09,5.07798066280228,5.07798066280228,5.07798066280228,5.06849387760013,4.89987601303739,5.23711174216287,5.93199335586939,5.69154404432285,6.17244266741594,1.12425386611224,0.656994798201948,1.71496972043395,1.71496972043395,0.656994798201948,1.10470027647727,1.14380745574721,"All Switzerland","ILI corrected for percent positivity","2021/22"
2022-03-10,5.39723138196847,4.94614176472735,5.84832099920959,5.30874525065117,5.12697669284385,5.49051380845849,6.10464895191529,5.84363989319767,6.36565801063291,1.11080143165884,0.656095893501814,1.68326511978195,1.68326511978195,0.656095893501814,1.09150052989674,1.13010233342094,"All Switzerland","ILI corrected for percent positivity","2021/22"
2022-03-11,5.7070318531929,4.7763337684072,6.6377299379786,5.5458149837226,5.34501385180441,5.74661611564078,6.24116492654265,5.95935542595106,6.52297442713425,1.09560399869855,0.652679432567495,1.651375176384,1.651375176384,0.652679432567495,1.07749399924155,1.11371399815555,"All Switzerland","ILI corrected for percent positivity","2021/22"
2022-03-12,5.9959415091585,5.5020344505073,6.4898485678097,5.76683410055016,5.54497409323769,5.98869410786263,6.34847786988143,6.04083845971208,6.65611728005077,1.07929377968478,0.647180043326545,1.62011271799541,1.62011271799541,0.647180043326545,1.0616635159633,1.09692404340627,"All Switzerland","ILI corrected for percent positivity","2021/22"
2022-03-13,6.25251978254818,6.25251978254818,6.25251978254818,5.95150680400963,5.71005521496081,6.19295839305846,6.42472069086272,6.09979292610172,6.74964845562373,1.06350037173277,0.640819997957988,1.59150304102323,1.59150304102323,0.640819997957988,1.04613691383106,1.08086382963448,"All Switzerland","ILI corrected for percent positivity","2021/22"
2022-03-14,6.46532610604485,6.46532610604485,6.46532610604485,6.10464994933145,5.84270314212482,6.36659675653808,6.46126689643846,6.13738824607943,6.7851455467975,1.04837226785233,0.633772993028426,1.56561465024556,1.56561465024556,0.633772993028426,1.03259878608374,1.06414574962093,"All Switzerland","ILI corrected for percent positivity","2021/22"
2022-03-15,6.62291991233143,5.96311716001492,7.28272266464793,6.23108039174606,5.94375320079113,6.51840758270099,6.45518766942446,6.13579993243822,6.77457540641069,1.0331479846359,0.625546542348626,1.54134718989217,1.54134718989217,0.625546542348626,1.01987895757929,1.0464170116925,"All Switzerland","ILI corrected for percent positivity","2021/22"
2022-03-16,6.71704514370554,5.95364630504904,7.48044398236205,6.32774391634276,6.02197217061732,6.63351566206821,6.41533452780284,6.09413579786404,6.73653325774164,1.01778101334329,0.616157825962384,1.51855351137087,1.51855351137087,0.616157825962384,1.00611630732192,1.02944571936467,"All Switzerland","ILI corrected for percent positivity","2021/22"
2022-03-17,6.75218378092367,5.92403680020143,7.5803307616459,6.38645535792815,6.077885461897,6.69502525395931,6.34992993892045,6.02892196527319,6.67093791256771,1.00313301673697,0.606299376928975,1.49825169901279,1.49825169901279,0.606299376928975,0.991858535204618,1.01440749826933,"All Switzerland","ILI corrected for percent positivity","2021/22"
2022-03-18,6.73600231435698,5.92594743242605,7.54605719628791,6.40433514630858,6.09581437816973,6.71285591444744,6.25517958039192,5.94436248045779,6.56599668032605,0.989685035247057,0.596396375051456,1.48095464631626,1.48095464631626,0.596396375051456,0.978542680972475,1.00082738952164,"All Switzerland","ILI corrected for percent positivity","2021/22"
2022-03-19,6.67616723437666,5.8155989147372,7.53673555401612,6.38892351335566,6.07550767564533,6.702339351066,6.12674811787346,5.84057250232778,6.41292373341914,0.976904864570662,0.586122972525826,1.46588335198572,1.46588335198572,0.586122972525826,0.965424924352314,0.98838480478901,"All Switzerland","ILI corrected for percent positivity","2021/22"
2022-03-20,6.58034503135388,5.75723310563064,7.40345695707713,6.34697903795278,6.03132678654582,6.66263128935973,5.9767460214007,5.71709551270011,6.23639653010129,0.964475948314108,0.575303695266927,1.45255385147545,1.45255385147545,0.575303695266927,0.951437035697461,0.977514860930755,"All Switzerland","ILI corrected for percent positivity","2021/22"
2022-03-21,6.45620219565984,5.72620718855845,7.18619720276124,6.27444967042394,5.965756712108,6.58314262873989,5.81587896145373,5.57678125514261,6.05497666776485,0.952971743344788,0.564413431073333,1.44163642858447,1.44163642858447,0.564413431073333,0.937968847778957,0.967974638910619,"All Switzerland","ILI corrected for percent positivity","2021/22"
2022-03-22,6.31140521766571,5.79149829268229,6.83131214264913,6.16728336109316,5.87949568050125,6.45507104168507,5.63745056650261,5.41786108739143,5.85704004561379,0.942741192521071,0.553759786873403,1.43351601176073,1.43351601176073,0.553759786873403,0.926310719861899,0.959171665180243,"All Switzerland","ILI corrected for percent positivity","2021/22"
2022-03-23,6.15249973743649,6.15249973743649,6.15249973743649,6.03698669034058,5.77274745186244,6.30122592881872,5.44818223934499,5.24477799434496,5.65158648434502,0.933676666551377,0.543325239245745,1.42797413649583,1.42797413649583,0.543325239245745,0.916307263337782,0.951046069764971,"All Switzerland","ILI corrected for percent positivity","2021/22"
2022-03-24,5.98154799381242,5.98154799381242,5.98154799381242,5.89315379906949,5.64784254101215,6.13846505712682,5.25656403582703,5.06398720301504,5.44914086863901,0.92555425475515,0.533004496547202,1.4246476215945,1.4246476215945,0.533004496547202,0.907506468064558,0.943602041445741,"All Switzerland","ILI corrected for percent positivity","2021/22"
2022-03-25,5.79949137532756,5.20059250367685,6.39839024697827,5.72886397838866,5.50360512609286,5.95412283068446,5.05759596565671,4.87189764991813,5.24329428139529,0.918349369514703,0.52282959175231,1.42344395100453,1.42344395100453,0.52282959175231,0.900503058723299,0.936195680306107,"All Switzerland","ILI corrected for percent positivity","2021/22"
2022-03-26,5.60727127051597,4.63542211496304,6.5791204260689,5.55139032387566,5.34474766052307,5.75803298722825,4.85925461710734,4.6773806303779,5.04112860383678,0.912198857114548,0.512944726251705,1.42448633881719,1.42448633881719,0.512944726251705,0.895873516797041,0.928524197432056,"All Switzerland","ILI corrected for percent positivity","2021/22"
2022-03-27,5.40582906791171,4.68657478816138,6.12508334766204,5.3691408832693,5.17593080893033,5.56235095760828,4.66849084566516,4.49169220401028,4.84528948732004,0.907183932673233,0.503454925027557,1.42782145524098,1.42782145524098,0.503454925027557,0.892805325519823,0.921562539826642,"All Switzerland","ILI corrected for percent positivity","2021/22"
2022-03-28,5.19610615604885,5.19610615604885,5.19610615604885,5.17689737592025,4.99211734421776,5.36167740762273,4.47795432125403,4.30978145745001,4.64612718505805,0.903270220830929,0.494385787242959,1.43333664144899,1.43333664144899,0.494385787242959,0.890201486021389,0.916338955640469,"All Switzerland","ILI corrected for percent positivity","2021/22"
2022-03-29,4.97904392346143,4.97904392346143,4.97904392346143,4.98303610519671,4.80253235555451,5.1635398548389,4.29240017188907,4.13161282126935,4.45318752250879,0.900275212207073,0.48565645281292,1.44072490027105,1.44072490027105,0.48565645281292,0.887281725704501,0.913268698709644,"All Switzerland","ILI corrected for percent positivity","2021/22"
2022-03-30,4.75637002290671,4.26925869843588,5.24348134737753,4.79455308728814,4.6189172485028,4.97018892607347,4.12059363363718,3.96339024986583,4.27779701740853,0.898236205428044,0.47734212452304,1.44996435403117,1.44996435403117,0.47734212452304,0.884366705534113,0.912105705321975,"All Switzerland","ILI corrected for percent positivity","2021/22"
2022-03-31,4.53295716403467,3.67025349127784,5.39566083679149,4.60415961077703,4.43684809363486,4.77147112791921,3.96031206155208,3.80678974419008,4.11383437891407,0.897656529241562,0.469850347040144,1.46163109896427,1.46163109896427,0.469850347040144,0.883050991641079,0.912262066842046,"All Switzerland","ILI corrected for percent positivity","2021/22"
2022-04-01,4.31446432071848,3.60256866472815,5.02635997670881,4.41715873667582,4.25751417365532,4.57680329969631,3.80839015453059,3.66071493218501,3.95606537687616,0.898464152945088,0.463192452392558,1.47552098157529,1.47552098157529,0.463192452392558,0.884123695350003,0.912804610540174,"All Switzerland","ILI corrected for percent positivity","2021/22"
2022-04-02,4.10655046683132,4.10655046683132,4.10655046683132,4.24229580959335,4.08680897123778,4.39778264794893,3.65918323567615,3.51644270608905,3.80192376526325,0.899442721935864,0.456588428591474,1.48990923784013,1.48990923784013,0.456588428591474,0.885742675564021,0.913142768307707,"All Switzerland","ILI corrected for percent positivity","2021/22"
2022-04-03,3.91487457624636,3.91487457624636,3.91487457624636,4.0774455435068,3.92584790988476,4.22904317712884,3.51371261135103,3.3737755967445,3.65364962595755,0.899808812232295,0.449535582879369,1.50369641882821,1.50369641882821,0.449535582879369,0.886048466506227,0.913569157958362,"All Switzerland","ILI corrected for percent positivity","2021/22"
2022-04-04,3.74509562283676,3.74509562283676,3.74509562283676,3.92048265239331,3.77452711585421,4.06643818893241,3.3789436238137,3.23873887656257,3.51914837106482,0.899929010260442,0.442275038330009,1.51740157154329,1.51740157154329,0.442275038330009,0.885131315776935,0.914726704743948,"All Switzerland","ILI corrected for percent positivity","2021/22"
2022-04-05,3.60287258047571,3.257573447241,3.94817171371043,3.76655914300058,3.62546000872346,3.9076582772777,3.24291071111559,3.09900784374852,3.38681357848266,0.899669338412004,0.434688001208188,1.53090951171942,1.53090951171942,0.434688001208188,0.88323686126055,0.916101815563457,"All Switzerland","ILI corrected for percent positivity","2021/22"
2022-04-06,3.4911244758472,2.7905764512922,4.1916725004022,3.61696759369322,3.4790987520446,3.75483643534183,3.09657711145637,2.94914610252394,3.2440081203888,0.897866512696101,0.425964776348735,1.54273011410301,1.54273011410301,0.425964776348735,0.880298711046856,0.915434314345346,"All Switzerland","ILI corrected for percent positivity","2021/22"
2022-04-07,3.4018105468785,2.5287729192604,4.2748481744966,3.47879357587372,3.34201096282675,3.61557618892069,2.95202879510651,2.80482706105607,3.09923052915695,0.893933102241196,0.415655497343244,1.55222730988189,1.55222730988189,0.415655497343244,0.876514944226864,0.911351260255527,"All Switzerland","ILI corrected for percent positivity","2021/22"
2022-04-08,3.32415008430772,3.32415008430772,3.32415008430772,3.34025136438218,3.20120204846097,3.47930068030339,2.80637768710694,2.66286862308855,2.94988675112533,0.888352361161726,0.403976696378925,1.56032293104955,1.56032293104955,0.403976696378925,0.872224484832445,0.904480237491006,"All Switzerland","ILI corrected for percent positivity","2021/22"
2022-04-09,3.24736237887294,3.24736237887294,3.24736237887294,3.19296697187183,3.05068051737812,3.33525342636554,2.64917976643777,2.51143321986278,2.78692631301276,0.881379403580749,0.390989294071429,1.56765752047535,1.56765752047535,0.390989294071429,0.866227530620023,0.896531276541475,"All Switzerland","ILI corrected for percent positivity","2021/22"
2022-04-10,3.16066672131229,3.16066672131229,3.16066672131229,3.0491435764649,2.9062867052322,3.19200044769761,2.48249186747211,2.34819410399396,2.61678963095027,0.871936983855029,0.375914571182622,1.57304107461921,1.57304107461921,0.375914571182622,0.855959649461324,0.887914318248734,"All Switzerland","ILI corrected for percent positivity","2021/22"
2022-04-11,3.05328240236384,3.05328240236384,3.05328240236384,2.90509626324802,2.76457563957307,3.04561688692297,2.31523720896724,2.18127577976723,2.44919863816726,0.860175642780408,0.358768605794855,1.57702908275426,1.57702908275426,0.358768605794855,0.841985230035287,0.878366055525529,"All Switzerland","ILI corrected for percent positivity","2021/22"
2022-04-12,2.91442871276571,2.52088749957145,3.30796992595998,2.75035889108991,2.61450312008353,2.8862146620963,2.1517893103794,2.01951173426581,2.28406688649299,0.848054526237794,0.340676087792914,1.58278606525671,1.58278606525671,0.340676087792914,0.828141204195403,0.867967848280184,"All Switzerland","ILI corrected for percent positivity","2021/22"
2022-04-13,2.73700853831026,1.76462880011067,3.70938827650985,2.58696279878598,2.4545522050077,2.71937339256425,1.98766021945796,1.86010520410644,2.11521523480948,0.836465327802383,0.322124868891125,1.59192531082695,1.59192531082695,0.322124868891125,0.816690395117076,0.85624026048769,"All Switzerland","ILI corrected for percent positivity","2021/22"
2022-04-14,2.5286591450069,1.99037562074523,3.06694266926856,2.42284571279679,2.29120024693433,2.55449117865925,1.8182310929642,1.69780644639814,1.93865573953026,0.824085661638522,0.302351670699739,1.60278875162254,1.60278875162254,0.302351670699739,0.806043311496324,0.842128011780721,"All Switzerland","ILI corrected for percent positivity","2021/22"
2022-04-15,2.30070139391929,2.30070139391929,2.30070139391929,2.26162689529682,2.13137935575627,2.39187443483737,1.65451681273638,1.54367435455355,1.76535927091921,0.810450457510815,0.281148032347115,1.61497629436033,1.61497629436033,0.281148032347115,0.794367683811282,0.826533231210348,"All Switzerland","ILI corrected for percent positivity","2021/22"
2022-04-16,2.06445614611113,2.06445614611113,2.06445614611113,2.09885998865231,1.97214658044202,2.2255733968626,1.50163821531111,1.40282011565548,1.60045631496674,0.796846719104351,0.259268562974812,1.63082214612334,1.63082214612334,0.259268562974812,0.781741454226578,0.811951983982123,"All Switzerland","ILI corrected for percent positivity","2021/22"
2022-04-17,1.83124426264607,1.83124426264607,1.83124426264607,1.93009863522949,1.80896675115057,2.05123051930842,1.34633214208996,1.25641502692559,1.43624925725433,0.783219680908979,0.236724071216698,1.6507470879571,1.6507470879571,0.236724071216698,0.767673926041967,0.798765435775991,"All Switzerland","ILI corrected for percent positivity","2021/22"
2022-04-18,1.61238660458781,1.61238660458781,1.61238660458781,1.76649664486208,1.65354409098131,1.87944919874284,1.18797376020847,1.10211425441276,1.27383326600417,0.767127320022535,0.212390038457715,1.67153498808218,1.67153498808218,0.212390038457715,0.749695464785152,0.784559175259919,"All Switzerland","ILI corrected for percent positivity","2021/22"
2022-04-19,1.419204033,0.495271853257467,2.34313621274253,1.61328893967044,1.5113001111877,1.71527776815319,1.03301772472852,0.949196393888046,1.116839055569,0.746103184328986,0.1853326211596,1.69007077066526,1.69007077066526,0.1853326211596,0.725297951708447,0.766908416949525,"All Switzerland","ILI corrected for percent positivity","2021/22"
2022-04-20,1.26024974287538,0.72196621861372,1.79853326713704,1.45715083045082,1.36393106447107,1.55037059643056,0.878935294919028,0.794043932484877,0.963826657353178,0.719884856407744,0.155874441251405,1.70709324313173,1.70709324313173,0.155874441251405,0.694682153471367,0.745087559344122,"All Switzerland","ILI corrected for percent positivity","2021/22"
2022-04-21,1.13300626492288,1.13300626492288,1.13300626492288,1.29812893814775,1.21007950840493,1.38617836789056,0.728440276781192,0.641258593465613,0.815621960096771,0.688855546899167,0.124859520301688,1.72484159172247,1.72484159172247,0.124859520301688,0.658843365577616,0.718867728220717,"All Switzerland","ILI corrected for percent positivity","2021/22"
2022-04-22,1.03218846378047,1.03218846378047,1.03218846378047,1.14241310250634,1.05828402821563,1.22654217679705,0.584981173938245,0.495882864783383,0.674079483093108,0.651998360858781,0.0930471109357597,1.74348481764898,1.74348481764898,0.0930471109357597,0.616668886397574,0.687327835319988,"All Switzerland","ILI corrected for percent positivity","2021/22"
2022-04-23,0.952511204086143,0.952511204086143,0.952511204086143,0.985893462523645,0.90246543719918,1.06932148784811,0.446897303482202,0.354778307077089,0.539016299887315,0.607605664510942,0.0618411267003001,1.76205319598267,1.76205319598267,0.0618411267003001,0.565954060284496,0.649257268737388,"All Switzerland","ILI corrected for percent positivity","2021/22"
2022-04-24,0.888689350477873,0.888689350477873,0.888689350477873,0.830491429470401,0.745969139828836,0.915013719111965,NA,NA,NA,NA,NA,NA,NA,NA,NA,NA,"All Switzerland","ILI corrected for percent positivity","2021/22"
2022-04-25,0.835437767593641,0.835437767593641,0.835437767593641,0.67894159005856,0.5929889803841,0.76489419973302,NA,NA,NA,NA,NA,NA,NA,NA,NA,NA,"All Switzerland","ILI corrected for percent positivity","2021/22"
2022-04-26,0.787471320071429,0.787471320071429,0.787471320071429,0.528353846447002,0.438706255532623,0.618001437361381,NA,NA,NA,NA,NA,NA,NA,NA,NA,NA,"All Switzerland","ILI corrected for percent positivity","2021/22"
